Country,Year,PC1,PC2,Cluster,Continent/Region
Afghanistan,2015,-3.4522143088873474,-1.6218369472854302,2,South Asia
Albania,2015,-0.7062566155884675,0.7678708731350137,3,Central and Eastern Europe
Algeria,2015,-0.28503243916822546,0.9041468474084301,3,Middle East and North Africa
Angola,2015,-2.8357325283296526,0.7628640189571771,2,Sub-Saharan Africa
Argentina,2015,0.9253664141077712,1.0799202289750114,4,Latin America and Caribbean
Armenia,2015,-1.7078873728827777,1.4268576824058494,3,Central and Eastern Europe
Australia,2015,3.0891555739498218,-2.1968351749051043,5,North America and ANZ
Austria,2015,2.4515402599781746,-0.7893260176219097,5,Western Europe
Azerbaijan,2015,-0.34910980416452275,0.7659934360360953,3,Central and Eastern Europe
Bahrain,2015,1.384163092684011,-0.18846954966372095,4,Middle East and North Africa
Bangladesh,2015,-1.8171250587068024,-0.7062871218879521,2,South Asia
Belarus,2015,0.5592567823893838,0.7012012887550283,4,Central and Eastern Europe
Belgium,2015,2.260170777480818,-0.21447100164372712,5,Western Europe
Benin,2015,-3.048219275407611,-0.82924510540953,2,Sub-Saharan Africa
Bhutan,2015,0.04288422429305215,-2.141747650246341,1,South Asia
Bolivia,2015,-0.16346764840663128,-0.3295667558544886,3,Latin America and Caribbean
Bosnia and Herzegovina,2015,-1.359839402608977,0.8927566074635882,3,Central and Eastern Europe
Botswana,2015,-1.365145286364918,0.11199273155917644,2,Sub-Saharan Africa
Brazil,2015,1.1874615621319757,0.30254793025150334,4,Latin America and Caribbean
Bulgaria,2015,-0.8712779245771558,1.4675993785750372,3,Central and Eastern Europe
Burkina Faso,2015,-2.505307474575128,-0.8110907953041115,2,Sub-Saharan Africa
Burundi,2015,-4.365843320406987,-0.5114136666456522,2,Sub-Saharan Africa
Cambodia,2015,-1.3486422076505329,-2.017974903125279,1,Southeast Asia
Cameroon,2015,-2.025819831847925,-0.5277777969628422,2,Sub-Saharan Africa
Canada,2015,3.0201356697373467,-2.203358933904517,5,North America and ANZ
Chad,2015,-3.271613234898444,-0.08666326481554082,2,Sub-Saharan Africa
Chile,2015,1.1711978304474988,-0.48279980841874665,4,Latin America and Caribbean
China,2015,-0.18499461638883238,1.1202330315934823,3,East Asia
Colombia,2015,0.7188451904766049,0.4689801578122815,4,Latin America and Caribbean
Comoros,2015,-2.5020839596704763,-0.4986550041598475,2,Sub-Saharan Africa
Costa Rica,2015,1.760371575749591,-0.23276040470781656,4,Latin America and Caribbean
Croatia,2015,-0.5698082377623662,1.78033163958922,3,Central and Eastern Europe
Cyprus,2015,0.4095277754116814,-0.0227475861599547,3,Western Europe
Czech Republic,2015,0.9502705304100311,1.4364194523158391,4,Central and Eastern Europe
Denmark,2015,3.4178710215588457,-2.1540721598786616,5,Western Europe
Dominican Republic,2015,0.2056332259480581,-0.3194507222250751,3,Latin America and Caribbean
Ecuador,2015,0.49221156730316545,0.3213859319039713,4,Latin America and Caribbean
El Salvador,2015,-0.042344595132622564,0.6785621221415364,3,Latin America and Caribbean
Estonia,2015,0.6179343360304463,0.9713366660465517,4,Central and Eastern Europe
Ethiopia,2015,-2.0257762657490135,-1.1863608176948264,2,Sub-Saharan Africa
Finland,2015,3.0689581587527277,-1.1881704690881847,5,Western Europe
France,2015,1.9574250599877618,0.563574612117612,4,Western Europe
Gabon,2015,-1.52770424582513,0.940144831303924,3,Sub-Saharan Africa
Georgia,2015,-0.9433722482377341,-0.5734036480556468,3,Central and Eastern Europe
Germany,2015,2.2841598634204345,-0.6089879854920844,5,Western Europe
Ghana,2015,-1.8928135420866714,-0.4235658812947604,2,Sub-Saharan Africa
Greece,2015,-1.0340238729892417,2.694412468874367,3,Western Europe
Guatemala,2015,0.3152582737105769,-0.6408083369106085,3,Latin America and Caribbean
Guinea,2015,-3.115366659509742,-1.511115758726399,2,Sub-Saharan Africa
Haiti,2015,-2.1534223195472504,-2.2259478149117227,2,Latin America and Caribbean
Honduras,2015,-0.9252727114557734,-0.035853179723519035,3,Latin America and Caribbean
Hungary,2015,-0.31986002332993524,1.4266098734720039,3,Central and Eastern Europe
Iceland,2015,2.7504679053650354,-1.1673288186823922,5,Western Europe
India,2015,-1.94241811298031,-0.8245736648260682,2,South Asia
Indonesia,2015,-0.2584320382407714,-1.5037162165726714,1,Southeast Asia
Iraq,2015,-1.6883310272070675,0.771505533525946,2,Middle East and North Africa
Ireland,2015,2.718352338329028,-1.979415525845798,5,Western Europe
Israel,2015,1.5851950479211494,-0.01338130637027813,4,Middle East and North Africa
Italy,2015,0.5528701734497419,1.1385018830302547,4,Western Europe
Jamaica,2015,0.03550806913022224,0.33451449755870527,3,Latin America and Caribbean
Japan,2015,1.5730767355203232,0.8988998725078271,4,East Asia
Jordan,2015,-0.18313630766751776,0.6270770177167685,3,Middle East and North Africa
Kazakhstan,2015,0.4281423657566278,0.7529534041713825,4,Commonwealth of Independent States
Kenya,2015,-1.6492273270918214,-1.2804579812280112,2,Sub-Saharan Africa
Kosovo,2015,-1.036035417177245,-0.01849804254524134,3,Central and Eastern Europe
Kuwait,2015,1.756218014297704,-0.014689507111067746,4,Middle East and North Africa
Latvia,2015,-0.33279669042900245,0.8758337780222489,3,Central and Eastern Europe
Lebanon,2015,-0.6298789540812388,0.4894234551213796,3,Middle East and North Africa
Lesotho,2015,-2.1230462186769863,-0.2589447190438695,2,Sub-Saharan Africa
Liberia,2015,-2.6086520066374494,-0.5470292892896813,2,Sub-Saharan Africa
Libya,2015,0.3538216748663908,0.46590607834375336,3,Middle East and North Africa
Lithuania,2015,-0.15116460380705043,2.3973854547850144,3,Central and Eastern Europe
Luxembourg,2015,2.9359458249988837,-1.194007079872898,5,Western Europe
Madagascar,2015,-2.9829702809159935,-0.18744488538133453,2,Sub-Saharan Africa
Malawi,2015,-3.064657794100056,-1.7877206940959616,2,Sub-Saharan Africa
Malaysia,2015,0.6392958997291867,-0.6833095248864056,3,Southeast Asia
Mali,2015,-2.247771912987482,-0.5132198612544597,2,Sub-Saharan Africa
Malta,2015,1.842294622573007,-1.8030783669165715,5,Western Europe
Mauritania,2015,-2.0058870760136904,-0.5352625915350515,2,Sub-Saharan Africa
Mauritius,2015,0.28430475427010915,-1.0427103352685991,1,Sub-Saharan Africa
Mexico,2015,1.1926965202440039,0.096412973548782685,4,Latin America and Caribbean
Moldova,2015,-0.8000785796029175,0.45813647458244156,3,Central and Eastern Europe
Mongolia,2015,-0.3682722913509566,-0.29582997738655326,3,East Asia
Montenegro,2015,-0.7350194728880968,0.6841035961458566,3,Central and Eastern Europe
Morocco,2015,-1.2160150165476526,0.6697040883327587,3,Middle East and North Africa
Mozambique,2015,-2.214124663112911,-0.9549058733054392,2,Sub-Saharan Africa
Myanmar,2015,-1.4864981262810284,-4.746445097979568,1,Southeast Asia
Namibia,2015,-1.0999382098997421,0.8245171183229983,3,Sub-Saharan Africa
Nepal,2015,-1.624563323586902,-0.8393072455040989,2,South Asia
Netherlands,2015,2.8681694753289713,-2.274293402831759,5,Western Europe
New Zealand,2015,3.1494592856895878,-2.794418889146306,5,North America and ANZ
Nicaragua,2015,0.5179302649802962,-0.9823464976857578,1,Latin America and Caribbean
Niger,2015,-2.3840225108004587,-1.0578398146979748,2,Sub-Saharan Africa
Nigeria,2015,-1.8157175831121866,-0.5034792418264519,2,Sub-Saharan Africa
North Macedonia,2015,-0.5780196078435074,0.431291536461771,3,Central and Eastern Europe
Norway,2015,3.287423824131277,-1.6590212199667966,5,Western Europe
Pakistan,2015,-2.2265439348627036,-0.8421705234914928,2,South Asia
Panama,2015,1.2686420731708248,0.031069858631857725,4,Latin America and Caribbean
Paraguay,2015,0.485225852132388,-0.7570342715304506,3,Latin America and Caribbean
Peru,2015,-0.1131174026282061,0.706628718442673,3,Latin America and Caribbean
Philippines,2015,-0.13643017620657819,-0.7916775794166668,3,Southeast Asia
Poland,2015,0.7807308994935828,0.8090852325902028,4,Central and Eastern Europe
Portugal,2015,0.37574973428112673,1.158124258478027,4,Western Europe
Qatar,2015,2.9546268673653313,-2.2852878400202448,5,Middle East and North Africa
Romania,2015,-0.6065721456079541,1.1677542899528148,3,Central and Eastern Europe
Rwanda,2015,-0.9395808328956765,-3.0075462728141478,1,Sub-Saharan Africa
Saudi Arabia,2015,1.143983926352774,0.16743960985819986,4,Middle East and North Africa
Senegal,2015,-1.945215446808174,-0.33403483841054016,2,Sub-Saharan Africa
Serbia,2015,-0.8774209098179714,1.015586883387511,3,Central and Eastern Europe
Sierra Leone,2015,-2.4358882614173956,-0.7422959661629411,2,Sub-Saharan Africa
Singapore,2015,2.8889029478138495,-1.8148024005903383,5,Southeast Asia
Slovakia,2015,0.41263444558750473,1.2617843810434757,4,Central and Eastern Europe
Slovenia,2015,1.220919399882857,0.24219954331689086,4,Central and Eastern Europe
Somalia,2015,-2.00381562586742,-2.5562658554507123,1,Sub-Saharan Africa
South Africa,2015,-1.2602791138078306,0.6838061035224021,3,Sub-Saharan Africa
South Sudan,2015,-3.83376981090876,-0.5615925840244294,2,Sub-Saharan Africa
Spain,2015,1.3592242410973499,0.9864261980181463,4,Western Europe
Sri Lanka,2015,-0.37278162019048244,-1.358190814400195,1,South Asia
Sudan,2015,-2.097123193405798,0.1713742463257939,2,Sub-Saharan Africa
Sweden,2015,3.249256327135328,-2.1318117938980436,5,Western Europe
Switzerland,2015,3.4762527220586055,-1.540363149367494,5,Western Europe
Taiwan Province of China,2015,0.9050442702335983,0.38045649111591834,4,East Asia
Tajikistan,2015,-1.0922674438010236,-0.7889400959930303,2,Commonwealth of Independent States
Tanzania,2015,-2.285452412310841,-0.9777666062800819,2,Sub-Saharan Africa
Thailand,2015,1.042022093513622,-1.9063879724093693,1,Southeast Asia
Togo,2015,-3.881657375591094,-0.841765315682911,2,Sub-Saharan Africa
Trinidad and Tobago,2015,0.6841801012597019,-0.2159677896807351,4,Latin America and Caribbean
Tunisia,2015,-1.427711937265821,1.2492910679489975,3,Middle East and North Africa
Turkey,2015,-0.4059926440464717,0.8632543284853633,3,Middle East and North Africa
Turkmenistan,2015,0.5579822432242614,-0.5723762135614094,3,Commonwealth of Independent States
Uganda,2015,-1.898425877119315,-0.9295780415411994,2,Sub-Saharan Africa
Ukraine,2015,-0.9725832917096418,1.1548229140019068,3,Central and Eastern Europe
United Arab Emirates,2015,2.5506362559169213,-1.396129663980802,5,Middle East and North Africa
United Kingdom,2015,2.5979369080387817,-2.54816372779376,5,Western Europe
United States,2015,2.145283621320726,-0.9982466199539274,5,North America and ANZ
Uruguay,2015,1.6793737206706494,-0.6555226360488943,4,Latin America and Caribbean
Uzbekistan,2015,1.122941158697156,-1.3190901979198644,1,Commonwealth of Independent States
Vietnam,2015,-0.10036008180349336,-0.11458949257840942,3,Southeast Asia
Zambia,2015,-1.3005189278796627,-0.6274782928504342,2,Sub-Saharan Africa
Zimbabwe,2015,-2.14906482055787,0.02319972507833766,2,Sub-Saharan Africa
Afghanistan,2016,-4.191580722332665,-1.2508563515055768,2,South Asia
Albania,2016,-1.3860207626927563,0.4895539647455503,3,Central and Eastern Europe
Algeria,2016,-0.35309704248855955,1.0597132005915468,3,Middle East and North Africa
Angola,2016,-3.4580325378526697,0.7235298685429861,2,Sub-Saharan Africa
Argentina,2016,0.5821071109457571,1.068446485437086,4,Latin America and Caribbean
Armenia,2016,-2.0939488792846417,1.4257651205518511,2,Central and Eastern Europe
Australia,2016,2.5667103687765342,-2.287647026583468,5,North America and ANZ
Austria,2016,1.996931806556057,-0.8934628740001712,5,Western Europe
Azerbaijan,2016,-0.6036306437373108,0.7128560905689226,3,Central and Eastern Europe
Bahrain,2016,1.044110933658646,-0.19055738673870598,4,Middle East and North Africa
Bangladesh,2016,-2.08192346264134,-0.6616137280776517,2,South Asia
Belarus,2016,0.015571851164734418,0.5961473914600383,3,Central and Eastern Europe
Belgium,2016,1.8875450723263993,-0.5257390575743677,5,Western Europe
Benin,2016,-3.596992984524581,-0.9271273468893069,2,Sub-Saharan Africa
Bhutan,2016,-0.4177724689483562,-2.2250780436584585,1,South Asia
Bolivia,2016,-0.5442148854057692,-0.3308442866214048,3,Latin America and Caribbean
Bosnia and Herzegovina,2016,-1.6276133627534797,0.38031744637780124,2,Central and Eastern Europe
Botswana,2016,-1.3307766646252905,0.3096098869043,3,Sub-Saharan Africa
Brazil,2016,0.6231760214891615,0.3900789852426634,4,Latin America and Caribbean
Bulgaria,2016,-1.3644806685150794,1.4581137341161374,3,Central and Eastern Europe
Burkina Faso,2016,-2.887370748011821,-1.0089522542099842,2,Sub-Saharan Africa
Burundi,2016,-4.837239963342707,-0.5259727769401252,2,Sub-Saharan Africa
Cambodia,2016,-1.794992852784925,-2.0756507743605797,2,Southeast Asia
Cameroon,2016,-2.4517303960189913,-0.7540294028212294,2,Sub-Saharan Africa
Canada,2016,2.5280548215843477,-2.115901149341881,5,North America and ANZ
Chad,2016,-3.752452698447516,-0.024570049766809036,2,Sub-Saharan Africa
Chile,2016,0.7679179999087357,-0.3108343226070879,4,Latin America and Caribbean
China,2016,-0.5229843246752042,1.3760607902542534,3,East Asia
Colombia,2016,0.19345841950564802,0.6325831942140308,3,Latin America and Caribbean
Comoros,2016,-3.0126924547315213,-0.5066699772610326,2,Sub-Saharan Africa
Costa Rica,2016,1.1729631551712447,-0.060239694691987096,4,Latin America and Caribbean
Croatia,2016,-0.9127800048864492,0.7781166581902307,3,Central and Eastern Europe
Cyprus,2016,-0.192837599030203,0.26883100299764695,3,Western Europe
Czech Republic,2016,0.6487423450108272,1.3904211350743314,4,Central and Eastern Europe
Denmark,2016,2.905239219183449,-2.1199199324588833,5,Western Europe
Dominican Republic,2016,-0.09315986273543035,-0.23122492698916988,3,Latin America and Caribbean
Ecuador,2016,0.05030796307329652,0.45052061232247714,3,Latin America and Caribbean
El Salvador,2016,-0.4755266291140068,0.7476049246248909,3,Latin America and Caribbean
Estonia,2016,0.4070809862600421,0.7818886134937646,4,Central and Eastern Europe
Ethiopia,2016,-2.4481318484955614,-1.6565572266314663,2,Sub-Saharan Africa
Finland,2016,2.662838144696487,-1.3025136852433001,5,Western Europe
France,2016,1.2660385202774327,0.655921164268278,4,Western Europe
Gabon,2016,-1.8350133050216453,0.9908060537166523,2,Sub-Saharan Africa
Georgia,2016,-1.5971333095804185,-0.37435231764344795,2,Central and Eastern Europe
Germany,2016,2.1167867983880644,-1.021148378244094,5,Western Europe
Ghana,2016,-2.441550704694034,-0.4026162148418333,2,Sub-Saharan Africa
Greece,2016,-1.1971797384450311,2.481446641041621,3,Western Europe
Guatemala,2016,-0.08149910025999868,-0.7032649352734194,3,Latin America and Caribbean
Guinea,2016,-3.5213832458189707,-1.5746131090032554,2,Sub-Saharan Africa
Haiti,2016,-3.3833135165013437,-2.3519426234121017,2,Latin America and Caribbean
Honduras,2016,-1.5418004860156853,0.20645617572411123,2,Latin America and Caribbean
Hungary,2016,-0.780009028888033,1.5898380010775057,3,Central and Eastern Europe
Iceland,2016,2.3314874826203713,-1.4921655194599333,5,Western Europe
India,2016,-2.130578111090659,-0.8177704582147819,2,South Asia
Indonesia,2016,-0.822635189154342,-1.8932735760003225,1,Southeast Asia
Iraq,2016,-1.5142073522841115,0.026235974254077584,2,Middle East and North Africa
Ireland,2016,2.2960162635528096,-1.948585846405932,5,Western Europe
Israel,2016,1.2005784439359866,-0.05489987523556253,4,Middle East and North Africa
Italy,2016,0.09241962278268057,1.5486683881614387,3,Western Europe
Jamaica,2016,-0.4647651058198767,0.15056273631190029,3,Latin America and Caribbean
Japan,2016,1.2320015328065559,0.8052977089464448,4,East Asia
Jordan,2016,-0.5482578299937473,0.40344821405133796,3,Middle East and North Africa
Kazakhstan,2016,0.05937858930948195,0.5311978192859088,3,Commonwealth of Independent States
Kenya,2016,-2.0094799617848107,-1.6963501047773577,2,Sub-Saharan Africa
Kosovo,2016,-1.558428246694649,-0.010035456303165673,2,Central and Eastern Europe
Kuwait,2016,0.9542611886686444,0.08371104266177387,4,Middle East and North Africa
Latvia,2016,-0.3326562321858342,0.7439944061879222,3,Central and Eastern Europe
Lebanon,2016,-0.9410956652972343,0.4690630580163973,3,Middle East and North Africa
Lesotho,2016,-2.3244844014342996,0.1387423321550884,2,Sub-Saharan Africa
Liberia,2016,-3.6315901536284887,-0.6966373364817574,2,Sub-Saharan Africa
Libya,2016,-0.3312692720743241,0.2965809122066624,3,Middle East and North Africa
Lithuania,2016,-0.46389608729699017,2.3127393482982397,3,Central and Eastern Europe
Luxembourg,2016,2.4697369259582462,-1.044556353142108,5,Western Europe
Madagascar,2016,-3.465147985935674,-0.28153083726192096,2,Sub-Saharan Africa
Malawi,2016,-3.29801526480467,-1.7309962378273076,2,Sub-Saharan Africa
Malaysia,2016,0.1420367314892314,-1.0332548161792314,1,Southeast Asia
Mali,2016,-2.6643251712291787,-0.6219922806500597,2,Sub-Saharan Africa
Malta,2016,1.6197610485510594,-2.3073750560982447,1,Western Europe
Mauritania,2016,-2.3598719346279395,-0.3910801775917152,2,Sub-Saharan Africa
Mauritius,2016,-0.15801121741449448,-0.8235934705364437,3,Sub-Saharan Africa
Mexico,2016,0.3607529350701495,0.39238759008254515,3,Latin America and Caribbean
Moldova,2016,-1.2631661321235403,0.4993317625097663,3,Central and Eastern Europe
Mongolia,2016,-0.6946445199562852,-0.35876688157875475,3,East Asia
Montenegro,2016,-1.1096082039859352,0.6148469364917314,3,Central and Eastern Europe
Morocco,2016,-1.775899767250177,1.050314019095859,3,Middle East and North Africa
Mozambique,2016,-2.0107722149954044,-1.271958583585831,2,Sub-Saharan Africa
Myanmar,2016,-1.5250123026817752,-4.962325806456028,1,Southeast Asia
Namibia,2016,-1.3825776916800327,0.3408174387043691,3,Sub-Saharan Africa
Nepal,2016,-1.7185329603060437,-1.3529164334797574,2,South Asia
Netherlands,2016,2.342305753533747,-2.2249847152148616,5,Western Europe
New Zealand,2016,2.8151994131153733,-2.866089849605705,5,North America and ANZ
Nicaragua,2016,-0.04068629427254833,-0.9929292748577067,1,Latin America and Caribbean
Niger,2016,-2.7609773872017582,-1.151632870599794,2,Sub-Saharan Africa
Nigeria,2016,-2.589513471049628,-0.30298181336082153,2,Sub-Saharan Africa
North Macedonia,2016,-0.9379794690731773,0.22864748009762506,3,Central and Eastern Europe
Norway,2016,2.814909443998259,-1.8413581226761142,5,Western Europe
Pakistan,2016,-2.414188308432779,-1.0243468221886385,2,South Asia
Panama,2016,0.7952703174064991,0.03139735755055328,4,Latin America and Caribbean
Paraguay,2016,-0.14127495763047182,-0.13811795659769574,3,Latin America and Caribbean
Peru,2016,-0.5375422192353587,0.698705271861935,3,Latin America and Caribbean
Philippines,2016,-0.5275622335951673,-0.5492995430789839,3,Southeast Asia
Poland,2016,0.31826712405964125,0.8855191749204196,3,Central and Eastern Europe
Portugal,2016,-0.03552863301338635,1.257933710870401,3,Western Europe
Qatar,2016,2.3281850621650313,-2.089782057726303,5,Middle East and North Africa
Romania,2016,-0.626401823352833,1.0829571083305776,3,Central and Eastern Europe
Rwanda,2016,-1.4184553710577283,-2.9123787671600803,1,Sub-Saharan Africa
Saudi Arabia,2016,0.8141370015565016,-0.1760653497292649,4,Middle East and North Africa
Senegal,2016,-2.147840987736552,-0.27068824407302794,2,Sub-Saharan Africa
Serbia,2016,-1.2132092255309423,0.7731631091789709,3,Central and Eastern Europe
Sierra Leone,2016,-2.9863846319359144,-0.876943988161251,2,Sub-Saharan Africa
Singapore,2016,2.4889680207406077,-1.8208118687016106,5,Southeast Asia
Slovakia,2016,-0.036558347581808426,1.4982424149055358,3,Central and Eastern Europe
Slovenia,2016,0.710427143558808,0.21249091666930112,4,Central and Eastern Europe
Somalia,2016,-1.9840558844413998,-2.838063750387108,1,Sub-Saharan Africa
South Africa,2016,-1.4654527228910161,0.2505384067606935,2,Sub-Saharan Africa
South Sudan,2016,-3.7135405038929363,-1.1719226618353773,2,Sub-Saharan Africa
Spain,2016,0.92293318448697,1.0641924353904866,4,Western Europe
Sri Lanka,2016,-0.6071169088595021,-1.7545164313726231,1,South Asia
Sudan,2016,-2.8801268988726045,0.48268950056839127,2,Sub-Saharan Africa
Sweden,2016,2.707823543656402,-2.1234180365909854,5,Western Europe
Switzerland,2016,2.9741347830181555,-1.3896613785323697,5,Western Europe
Taiwan Province of China,2016,0.5184204734253703,0.4669931245415353,4,East Asia
Tajikistan,2016,-1.2127424997381084,-0.8891928404433762,2,Commonwealth of Independent States
Tanzania,2016,-2.532149634134643,-0.8213314341437014,2,Sub-Saharan Africa
Thailand,2016,0.6006412561970942,-2.000416441481102,1,Southeast Asia
Togo,2016,-3.858690056094871,-0.9744845856420656,2,Sub-Saharan Africa
Trinidad and Tobago,2016,0.2316993018560704,-0.23230930498052943,3,Latin America and Caribbean
Tunisia,2016,-1.6855363158536707,1.2058162210735897,3,Middle East and North Africa
Turkey,2016,-0.6012493147138909,1.4097900643142707,3,Middle East and North Africa
Turkmenistan,2016,0.0563314666597271,-0.7757500482806928,3,Commonwealth of Independent States
Uganda,2016,-2.4461363809465775,-0.9282265605170535,2,Sub-Saharan Africa
Ukraine,2016,-1.725734695383316,0.9431737292425931,3,Central and Eastern Europe
United Arab Emirates,2016,1.844236520665139,-1.292683624873437,5,Middle East and North Africa
United Kingdom,2016,1.9123923459577434,-2.2015238111384896,5,Western Europe
United States,2016,1.693307266718056,-1.037332059201659,5,North America and ANZ
Uruguay,2016,1.2134864335697269,-0.2054464620434955,4,Latin America and Caribbean
Uzbekistan,2016,0.7148307286783173,-1.9897897177803892,1,Commonwealth of Independent States
Vietnam,2016,-0.43900544482181514,-0.7207770613472516,3,Southeast Asia
Zambia,2016,-1.9348784904551992,-0.5301739451579582,2,Sub-Saharan Africa
Zimbabwe,2016,-2.9480359443751967,-0.2807844255566921,2,Sub-Saharan Africa
Afghanistan,2017,-3.5442394905122594,-0.7578339311746068,2,South Asia
Albania,2017,-0.8504410759744285,0.44073921689148915,3,Central and Eastern Europe
Algeria,2017,-0.12594001317350154,1.3064431653819417,3,Middle East and North Africa
Angola,2017,-2.992455102139509,1.2384680377951105,2,Sub-Saharan Africa
Argentina,2017,1.1829331618810242,1.2566590530146247,4,Latin America and Caribbean
Armenia,2017,-1.4696081317994314,1.5941952955099554,3,Central and Eastern Europe
Australia,2017,3.104780832253805,-1.9953643157829832,5,North America and ANZ
Austria,2017,2.5326992201298806,-0.6206881209909547,5,Western Europe
Azerbaijan,2017,-0.02054497746484593,0.9618316969340366,3,Central and Eastern Europe
Bahrain,2017,1.6377779934411534,-0.043291534554318514,4,Middle East and North Africa
Bangladesh,2017,-1.2750789495540764,-0.3341011199231066,2,South Asia
Belarus,2017,0.41084680049441596,0.8418036584289013,4,Central and Eastern Europe
Belgium,2017,2.4401044193030983,-0.1685608140490663,5,Western Europe
Benin,2017,-3.0239925929929394,-0.7534101683390483,2,Sub-Saharan Africa
Bhutan,2017,0.18009759127678523,-1.9823054883640012,1,South Asia
Bolivia,2017,0.05756343561418455,-0.12263817896411189,3,Latin America and Caribbean
Bosnia and Herzegovina,2017,-0.78823619600602,0.29006218220808117,3,Central and Eastern Europe
Botswana,2017,-0.8839258795375771,0.6107054209752049,3,Sub-Saharan Africa
Brazil,2017,0.9951411981874778,0.6956829724662567,4,Latin America and Caribbean
Bulgaria,2017,-0.23747581476346236,1.7830295575453785,3,Central and Eastern Europe
Burkina Faso,2017,-2.244358245100754,-0.7198116447299974,2,Sub-Saharan Africa
Burundi,2017,-4.321573626514013,-0.25491214056592737,2,Sub-Saharan Africa
Cambodia,2017,-0.9848069719168009,-1.6502634737767992,1,Southeast Asia
Cameroon,2017,-1.9403423319850033,-0.536487769549431,2,Sub-Saharan Africa
Canada,2017,3.032096646970505,-1.7137226412534872,5,North America and ANZ
Chad,2017,-3.157233614341416,-0.06652965769694258,2,Sub-Saharan Africa
Chile,2017,1.1723527721160134,0.02996038380275533,4,Latin America and Caribbean
China,2017,0.05878190560479778,1.742821045299932,3,East Asia
Colombia,2017,0.6934775335075887,0.9225350509407423,4,Latin America and Caribbean
Comoros,2017,-2.7728456372949606,-0.43446023494905855,2,Sub-Saharan Africa
Costa Rica,2017,1.7396796962117025,0.26071379468037736,4,Latin America and Caribbean
Croatia,2017,-0.45211961661738476,0.5776890222298978,3,Central and Eastern Europe
Cyprus,2017,0.5005285973140039,0.5520323029851141,4,Western Europe
Czech Republic,2017,1.3700147703439378,1.6277769196258678,4,Central and Eastern Europe
Denmark,2017,3.4145502279922124,-1.7022860848243297,5,Western Europe
Dominican Republic,2017,0.523653155270505,0.21566144995326464,4,Latin America and Caribbean
Ecuador,2017,0.6608997143586569,0.5082864373103589,4,Latin America and Caribbean
El Salvador,2017,0.08359842979845453,1.0360405918989481,3,Latin America and Caribbean
Estonia,2017,1.1855562886340991,0.893058026336563,4,Central and Eastern Europe
Ethiopia,2017,-1.7235217552092206,-1.46863493255894,2,Sub-Saharan Africa
Finland,2017,3.2584286394389195,-0.9244732380848306,5,Western Europe
France,2017,1.7699106448051445,0.895628630787163,4,Western Europe
Gabon,2017,-1.0773763506254808,1.4436179287521511,3,Sub-Saharan Africa
Georgia,2017,-1.193453652504072,0.3479021570888368,3,Central and Eastern Europe
Germany,2017,2.6287131158880155,-0.9828627090813082,5,Western Europe
Ghana,2017,-1.9749382071982329,-0.416053178361642,2,Sub-Saharan Africa
Greece,2017,-0.3660880638080705,2.7560713384148423,3,Western Europe
Guatemala,2017,0.5237856491545357,-0.40726102174612827,3,Latin America and Caribbean
Guinea,2017,-2.8877442906352355,-1.0624758493611808,2,Sub-Saharan Africa
Haiti,2017,-3.423433206782501,-1.8150554640190644,2,Latin America and Caribbean
Honduras,2017,-0.6853359616169399,0.1155845250897825,3,Latin America and Caribbean
Hungary,2017,-0.2077633305259292,2.1048414523199233,3,Central and Eastern Europe
Iceland,2017,3.002967453985269,-1.331611210779507,5,Western Europe
India,2017,-1.383718361315967,-0.5115357304577706,2,South Asia
Indonesia,2017,-0.14682073082245994,-2.0526777171012407,1,Southeast Asia
Iraq,2017,-1.0379302828962462,0.31405447295440625,3,Middle East and North Africa
Ireland,2017,2.9274990936370235,-1.5886789981375253,5,Western Europe
Israel,2017,1.7589941747559554,0.09159696118774707,4,Middle East and North Africa
Italy,2017,0.7916183850764789,1.6615002360919435,4,Western Europe
Jamaica,2017,0.1806425091650454,0.27122489758803237,3,Latin America and Caribbean
Japan,2017,1.7605868264824696,0.9964002926373093,4,East Asia
Jordan,2017,0.03573832370746488,0.4084477151002076,3,Middle East and North Africa
Kazakhstan,2017,0.7695731876924996,0.44264510973388527,4,Commonwealth of Independent States
Kenya,2017,-1.3785888318738446,-1.7432405907586883,1,Sub-Saharan Africa
Kosovo,2017,-0.7081516537233071,-0.10758809470039897,3,Central and Eastern Europe
Kuwait,2017,1.5018296409715577,-0.1259583003276078,4,Middle East and North Africa
Latvia,2017,0.45481731984670815,1.187228301529826,4,Central and Eastern Europe
Lebanon,2017,-0.299224492298912,0.4935740535895265,3,Middle East and North Africa
Lesotho,2017,-2.2577079672555933,-0.24013619454167845,2,Sub-Saharan Africa
Liberia,2017,-3.046623251321723,-0.7144810123038502,2,Sub-Saharan Africa
Libya,2017,0.26110081561047077,0.6353062052843298,3,Middle East and North Africa
Lithuania,2017,0.1774589993569187,2.601640952787144,3,Central and Eastern Europe
Luxembourg,2017,3.053686329498942,-0.7344422315427669,5,Western Europe
Madagascar,2017,-2.801226510860373,0.043404310033980244,2,Sub-Saharan Africa
Malawi,2017,-2.6462676479560816,-1.3429494160641493,2,Sub-Saharan Africa
Malaysia,2017,0.6737174526819814,-0.6732019743866817,3,Southeast Asia
Mali,2017,-1.9450194635408864,-0.003314252187807027,2,Sub-Saharan Africa
Malta,2017,2.224318916213272,-2.069621402212895,5,Western Europe
Mauritania,2017,-1.9400819051790845,0.3127147380553081,2,Sub-Saharan Africa
Mauritius,2017,0.4368025782854354,-0.4792566575771328,3,Sub-Saharan Africa
Mexico,2017,0.8802846548278251,0.864289861420734,4,Latin America and Caribbean
Moldova,2017,-0.663258529504874,0.8530486318139252,3,Central and Eastern Europe
Mongolia,2017,-0.05679214501086002,-0.08920886125553101,3,East Asia
Montenegro,2017,-0.3493815221337759,0.9139557454986326,3,Central and Eastern Europe
Morocco,2017,-0.8657675573906894,1.0843744321949935,3,Middle East and North Africa
Mozambique,2017,-1.9985935782001132,-1.9735467589598654,2,Sub-Saharan Africa
Myanmar,2017,-0.7382929698529064,-4.888728892714555,1,Southeast Asia
Namibia,2017,-0.8278296705235155,0.599072260370082,3,Sub-Saharan Africa
Nepal,2017,-0.8373952691623217,-1.2336923444699877,1,South Asia
Netherlands,2017,2.9224245962693836,-1.9080919397381897,5,Western Europe
New Zealand,2017,3.2787373144850926,-2.5494384893736917,5,North America and ANZ
Nicaragua,2017,0.4042387270350424,-0.5608636541463647,3,Latin America and Caribbean
Niger,2017,-2.2764933015525353,-0.8173617557068164,2,Sub-Saharan Africa
Nigeria,2017,-1.5018882318930697,-0.09115266243796599,2,Sub-Saharan Africa
North Macedonia,2017,-0.2529829784436941,0.3654363513198491,3,Central and Eastern Europe
Norway,2017,3.354759695394534,-1.336202289140126,5,Western Europe
Pakistan,2017,-1.6405364724550227,-0.8573012307439155,2,South Asia
Panama,2017,1.298707719044164,0.4471043836537129,4,Latin America and Caribbean
Paraguay,2017,0.4144592918968336,0.22863351312350175,3,Latin America and Caribbean
Peru,2017,0.13923579159203003,0.9897870453723909,3,Latin America and Caribbean
Philippines,2017,0.07178898297313102,-0.11866372267773162,3,Southeast Asia
Poland,2017,1.1041754716414378,0.947095711921981,4,Central and Eastern Europe
Portugal,2017,0.6699125594233686,1.601598283914654,4,Western Europe
Qatar,2017,2.8368090796934897,-1.744738638260845,5,Middle East and North Africa
Romania,2017,0.2888754280730518,1.213108613966379,3,Central and Eastern Europe
Rwanda,2017,-1.0035669269351608,-2.6343285237468166,1,Sub-Saharan Africa
Saudi Arabia,2017,1.469536441329903,0.15933311038830375,4,Middle East and North Africa
Senegal,2017,-1.3175763969249588,-0.045522970181915416,2,Sub-Saharan Africa
Serbia,2017,-0.4081544380013625,0.9270632979020236,3,Central and Eastern Europe
Sierra Leone,2017,-2.476523055114908,-0.9529478820598896,2,Sub-Saharan Africa
Singapore,2017,3.2021899912630607,-1.6892122951363129,5,Southeast Asia
Slovakia,2017,0.6815982207089595,1.727456872678266,4,Central and Eastern Europe
Slovenia,2017,1.3435153188938873,0.47471397777473456,4,Central and Eastern Europe
Somalia,2017,-1.5989515911718617,-2.638902201237154,1,Sub-Saharan Africa
South Africa,2017,-0.6502918296247212,0.48581047164768554,3,Sub-Saharan Africa
South Sudan,2017,-3.4257426240757445,-0.9147829209361689,2,Sub-Saharan Africa
Spain,2017,1.6018050600867166,1.1716794578070382,4,Western Europe
Sri Lanka,2017,0.07302127612613218,-1.6659748109948298,1,South Asia
Sudan,2017,-2.366392059439942,0.7607498856657686,2,Sub-Saharan Africa
Sweden,2017,3.2405444175510287,-1.8146188640991443,5,Western Europe
Switzerland,2017,3.4285833085108495,-1.0608827258099192,5,Western Europe
Taiwan Province of China,2017,1.217624080628086,0.7068078284379121,4,East Asia
Tajikistan,2017,-0.4158332267072004,-0.5791225284571356,3,Commonwealth of Independent States
Tanzania,2017,-2.0729668738192233,-1.07749282775309,2,Sub-Saharan Africa
Thailand,2017,1.2781968665290293,-1.8091252164705505,1,Southeast Asia
Togo,2017,-3.1816841300950713,-0.7873129781898353,2,Sub-Saharan Africa
Trinidad and Tobago,2017,0.8154408279486688,-0.04475679299109959,4,Latin America and Caribbean
Tunisia,2017,-1.0521061243465537,1.3308063451962973,3,Middle East and North Africa
Turkey,2017,0.11572560116485911,1.7155477712377643,3,Middle East and North Africa
Turkmenistan,2017,0.7853990162627983,-0.5748414113767573,4,Commonwealth of Independent States
Uganda,2017,-1.9330216527669601,-1.0700340455189385,2,Sub-Saharan Africa
Ukraine,2017,-1.3246520284770726,0.7600361026006882,3,Central and Eastern Europe
United Arab Emirates,2017,2.4826055409147862,-1.5622221466865223,5,Middle East and North Africa
United Kingdom,2017,2.4371105940203197,-1.8363163485706173,5,Western Europe
United States,2017,2.1489500937784713,-0.6506386294937689,5,North America and ANZ
Uruguay,2017,1.6660528145872884,0.18414903268986005,4,Latin America and Caribbean
Uzbekistan,2017,1.2774586821212681,-2.112197572140583,1,Commonwealth of Independent States
Vietnam,2017,0.15007226500055482,-0.18235098441024292,3,Southeast Asia
Zambia,2017,-1.5232188445141794,-0.6225105653739785,2,Sub-Saharan Africa
Zimbabwe,2017,-2.3319884269435933,-0.22096804735067405,2,Sub-Saharan Africa
Afghanistan,2018,-3.7726035289496354,0.15207953186038112,2,South Asia
Albania,2018,-0.7929167550403049,0.7522525045309377,3,Central and Eastern Europe
Algeria,2018,-0.749647875908474,1.7307606236138056,3,Middle East and North Africa
Angola,2018,-2.7458539182170485,1.5233011904797529,2,Sub-Saharan Africa
Argentina,2018,1.23641874477702,1.4388858355410423,4,Latin America and Caribbean
Armenia,2018,-1.407738474869351,1.4817756928571213,3,Central and Eastern Europe
Australia,2018,3.2051488726323347,-1.3193056410684822,5,North America and ANZ
Austria,2018,2.7203780453125255,-0.23242496060694065,5,Western Europe
Azerbaijan,2018,0.010665988477912641,1.0041931205403096,3,Central and Eastern Europe
Bahrain,2018,1.4650793049361286,-0.031176339841426114,4,Middle East and North Africa
Bangladesh,2018,-0.8828188682490046,-0.4058054370045969,3,South Asia
Belarus,2018,0.42857625318661885,1.1988093092764975,4,Central and Eastern Europe
Belgium,2018,2.527907559638868,0.08140738138554832,5,Western Europe
Benin,2018,-2.862459329741102,-0.5543985918413507,2,Sub-Saharan Africa
Bhutan,2018,0.2077945428704081,-1.3674562796074565,1,South Asia
Bolivia,2018,0.05443244589641409,0.3365322717650929,3,Latin America and Caribbean
Bosnia and Herzegovina,2018,-0.6526439837924494,0.8805914634989603,3,Central and Eastern Europe
Botswana,2018,-0.9160516589363529,0.8800130433407172,3,Sub-Saharan Africa
Brazil,2018,0.9831030211967933,1.0342959465223902,4,Latin America and Caribbean
Bulgaria,2018,-0.006765031454345899,1.980471031036035,3,Central and Eastern Europe
Burkina Faso,2018,-2.0180744339124987,-0.1907769582982966,2,Sub-Saharan Africa
Burundi,2018,-4.36921568846391,0.11606339941090418,2,Sub-Saharan Africa
Cambodia,2018,-0.6932777055970496,-0.872116554434878,1,Southeast Asia
Cameroon,2018,-1.8192908454488805,-0.21112150786323472,2,Sub-Saharan Africa
Canada,2018,3.114967947659028,-1.070935290859611,5,North America and ANZ
Chad,2018,-3.0510428800345064,0.024640868981504912,2,Sub-Saharan Africa
Chile,2018,1.0305758820284863,0.8020271764349157,4,Latin America and Caribbean
China,2018,0.5106330458139723,1.1502110188608734,4,East Asia
Colombia,2018,0.7390736539900997,1.1724567695125905,4,Latin America and Caribbean
Comoros,2018,-2.995184912788384,-0.39081011240181723,2,Sub-Saharan Africa
Costa Rica,2018,1.8801839177036894,0.6397785321706486,4,Latin America and Caribbean
Croatia,2018,-0.027016020175645583,1.2805178165870754,3,Central and Eastern Europe
Cyprus,2018,0.7325306016438025,0.9228000149899155,4,Western Europe
Czech Republic,2018,1.6384279265873691,1.7549067581654372,4,Central and Eastern Europe
Denmark,2018,3.5952407473870096,-1.3654712963217337,5,Western Europe
Dominican Republic,2018,0.5850208616477794,0.6378890723479771,4,Latin America and Caribbean
Ecuador,2018,0.8424887616520065,0.6488911235586361,4,Latin America and Caribbean
El Salvador,2018,0.22888722588243862,1.1191749528977428,3,Latin America and Caribbean
Estonia,2018,1.4047682676333495,0.8884969489281536,4,Central and Eastern Europe
Ethiopia,2018,-1.6215244253236296,-0.8065841505117608,2,Sub-Saharan Africa
Finland,2018,3.52058763534111,-0.7907379395979954,5,Western Europe
France,2018,1.9703604671608763,1.0237157462327209,4,Western Europe
Gabon,2018,-0.9784600824968925,1.5080041679127438,3,Sub-Saharan Africa
Georgia,2018,-1.1957619299011395,0.4454505095483052,3,Central and Eastern Europe
Germany,2018,2.633433457129418,-0.6618481654749668,5,Western Europe
Ghana,2018,-1.5511690584716191,-0.2669330667961188,2,Sub-Saharan Africa
Greece,2018,-0.28633246403862367,2.6518378032633216,3,Western Europe
Guatemala,2018,0.6402846086710968,0.1644393296289576,4,Latin America and Caribbean
Guinea,2018,-2.5331933973284837,-0.4917724769574285,2,Sub-Saharan Africa
Haiti,2018,-3.4181599514092436,-1.1736829006302576,2,Latin America and Caribbean
Honduras,2018,-0.270499902853443,0.17750978354602395,3,Latin America and Caribbean
Hungary,2018,0.10424587592422843,2.144967958844273,3,Central and Eastern Europe
Iceland,2018,3.0671413212438727,-0.5604653091070356,5,Western Europe
India,2018,-1.3329903401148029,-0.2845118457155093,2,South Asia
Indonesia,2018,-0.17073656538745804,-1.4961215731162383,1,Southeast Asia
Iraq,2018,-1.1125668339662118,0.6417610653463401,3,Middle East and North Africa
Ireland,2018,3.0455184403377684,-0.902988472410528,5,Western Europe
Israel,2018,2.5671031534068454,-0.9927558913933756,5,Middle East and North Africa
Italy,2018,0.9489177887064733,1.8901382337161055,4,Western Europe
Jamaica,2018,0.6853664249262784,1.1473048992479922,4,Latin America and Caribbean
Japan,2018,1.854917908489413,1.2467230190003165,4,East Asia
Jordan,2018,0.02529671520432955,0.4831338018268458,3,Middle East and North Africa
Kazakhstan,2018,0.8434612759916174,0.7823220051584668,4,Commonwealth of Independent States
Kenya,2018,-1.2320880245696315,-1.1393359752981078,2,Sub-Saharan Africa
Kosovo,2018,-0.1331565657326717,0.03197415705208756,3,Central and Eastern Europe
Kuwait,2018,1.3021061582377493,0.608092146710791,4,Middle East and North Africa
Latvia,2018,0.5377586104707822,1.5432732528170074,4,Central and Eastern Europe
Lebanon,2018,0.5048228308740077,0.00878960305284232,4,Middle East and North Africa
Lesotho,2018,-2.1008454861580987,0.050079681745658626,2,Sub-Saharan Africa
Liberia,2018,-2.9109435773541215,-0.4531990911496308,2,Sub-Saharan Africa
Libya,2018,0.4005144058361141,0.5322512969431591,4,Middle East and North Africa
Lithuania,2018,0.5568435971029128,2.3570896424293006,3,Central and Eastern Europe
Luxembourg,2018,3.1256974187465563,-0.2559745317868338,5,Western Europe
Madagascar,2018,-2.742172663351725,0.40346286125230746,2,Sub-Saharan Africa
Malawi,2018,-2.7107876413905903,-1.0234977568592407,2,Sub-Saharan Africa
Malaysia,2018,0.5377405325242923,0.07560827819017421,4,Southeast Asia
Mali,2018,-2.0253977002555064,0.2821809495804114,2,Sub-Saharan Africa
Malta,2018,2.3634707842086904,-0.8224386025426089,5,Western Europe
Mauritania,2018,-2.0839903725609172,0.8150449406741127,2,Sub-Saharan Africa
Mauritius,2018,0.9334605459188703,0.16109937327467913,4,Sub-Saharan Africa
Mexico,2018,0.9038588903442818,1.2425433185922006,4,Latin America and Caribbean
Moldova,2018,-0.767657851814464,1.1700940752624331,3,Central and Eastern Europe
Mongolia,2018,-0.07014797038489651,0.43259980053211045,3,East Asia
Montenegro,2018,-0.15587724690694357,1.4046290823473966,3,Central and Eastern Europe
Morocco,2018,-0.7221816515059671,1.1089230938307073,3,Middle East and North Africa
Mozambique,2018,-1.9281959055845104,-1.1813761004805718,2,Sub-Saharan Africa
Myanmar,2018,-0.40194470209176436,-3.22062178367424,1,Southeast Asia
Namibia,2018,-0.7882194062917829,0.9869966733118295,3,Sub-Saharan Africa
Nepal,2018,-0.639307349465549,-0.7982352044132102,3,South Asia
Netherlands,2018,3.0902209604215383,-1.1622134521510723,5,Western Europe
New Zealand,2018,3.397775999286231,-1.8062883420607463,5,North America and ANZ
Nicaragua,2018,0.6210805960974017,-0.076122345411042,4,Latin America and Caribbean
Niger,2018,-2.5424137917652807,-0.4892836581646434,2,Sub-Saharan Africa
Nigeria,2018,-1.4735721372761843,-0.13421609599343423,2,Sub-Saharan Africa
North Macedonia,2018,-0.13378336421924553,0.7923989096912577,3,Central and Eastern Europe
Norway,2018,3.5348212681236597,-1.0468915473898222,5,Western Europe
Pakistan,2018,-1.2624399692723798,-0.2852908000125377,2,South Asia
Panama,2018,1.391990628107929,0.9617176690716273,4,Latin America and Caribbean
Paraguay,2018,0.5671166375325887,0.5646313379571399,4,Latin America and Caribbean
Peru,2018,0.26602670729565814,1.1212126186010807,3,Latin America and Caribbean
Philippines,2018,0.29514289535833915,0.25162481055655456,3,Southeast Asia
Poland,2018,1.2480825604967816,1.2120139574866382,4,Central and Eastern Europe
Portugal,2018,0.9985661309016824,1.7855094281514319,4,Western Europe
Qatar,2018,2.1512894782694265,-0.26958085247406943,5,Middle East and North Africa
Romania,2018,0.5317874848401227,1.4141740098506894,4,Central and Eastern Europe
Rwanda,2018,-0.9292279578462218,-2.344189432984576,1,Sub-Saharan Africa
Saudi Arabia,2018,1.220259826668591,0.9836441122192051,4,Middle East and North Africa
Senegal,2018,-1.398310477120293,0.28987737559996696,3,Sub-Saharan Africa
Serbia,2018,-0.15448723301191666,1.3711915726478419,3,Central and Eastern Europe
Sierra Leone,2018,-2.8524070304897324,-0.7703497471531152,2,Sub-Saharan Africa
Singapore,2018,3.2937673434273993,-1.2445461879733997,5,Southeast Asia
Slovakia,2018,0.8501025301873475,1.7960991137214677,4,Central and Eastern Europe
Slovenia,2018,1.6021258490506605,0.8925114458368332,4,Central and Eastern Europe
Somalia,2018,-1.5653374978208283,-2.4502461376447124,1,Sub-Saharan Africa
South Africa,2018,-0.5040194169909972,0.7923538009045483,3,Sub-Saharan Africa
South Sudan,2018,-3.7336658482624148,-0.43227128432475276,2,Sub-Saharan Africa
Spain,2018,1.6472635744934696,1.3854711330977203,4,Western Europe
Sri Lanka,2018,0.061416801311415026,-0.4102335825892386,3,South Asia
Sudan,2018,-2.38880243090999,1.1068408343169598,2,Sub-Saharan Africa
Sweden,2018,3.34530087716758,-1.2441043986955782,5,Western Europe
Switzerland,2018,3.494125940100619,-0.8692437506325051,5,Western Europe
Taiwan Province of China,2018,1.4473966852934588,1.2742053283572667,4,East Asia
Tajikistan,2018,-1.1171306722868117,0.5996307138282879,3,Commonwealth of Independent States
Tanzania,2018,-1.936602004989493,-0.8946657808016893,2,Sub-Saharan Africa
Thailand,2018,1.1391055052465493,-0.6004564264997777,4,Southeast Asia
Togo,2018,-2.825095883118472,-0.6437179228806985,2,Sub-Saharan Africa
Trinidad and Tobago,2018,0.9910730253713831,0.8284480679034175,4,Latin America and Caribbean
Tunisia,2018,-1.1760588067371982,1.5581813401161677,3,Middle East and North Africa
Turkey,2018,0.2959865454126056,1.295653347487779,3,Middle East and North Africa
Turkmenistan,2018,0.2124806023177832,0.7394467009411503,3,Commonwealth of Independent States
Uganda,2018,-1.9755332157934586,-0.7140138619783294,2,Sub-Saharan Africa
Ukraine,2018,-1.3148084716931554,1.2532966603816285,3,Central and Eastern Europe
United Arab Emirates,2018,1.2806452394971775,0.3748519440944726,4,Middle East and North Africa
United Kingdom,2018,1.8711810120981403,0.44092499422254755,4,Western Europe
United States,2018,2.141316811630746,-0.0774099102625823,4,North America and ANZ
Uruguay,2018,1.6870703649849577,0.49350040938380557,4,Latin America and Caribbean
Uzbekistan,2018,1.6347646734423182,-1.6504886343767595,5,Commonwealth of Independent States
Vietnam,2018,0.3457379446134188,0.19772781962805258,3,Southeast Asia
Zambia,2018,-1.4466993276849587,-0.5157821873060804,2,Sub-Saharan Africa
Zimbabwe,2018,-2.1869546069435657,0.03275567563548169,2,Sub-Saharan Africa
Afghanistan,2019,-4.021546122407364,0.6422411471262383,2,South Asia
Albania,2019,-0.6038813549871874,0.7640678251089913,3,Central and Eastern Europe
Algeria,2019,-0.611789686739242,1.7839578291761928,3,Middle East and North Africa
Angola,2019,-2.995476765834425,1.0716747946100869,2,Sub-Saharan Africa
Argentina,2019,1.0787077069768267,1.7072438840987105,4,Latin America and Caribbean
Armenia,2019,-0.7872163418895046,1.3556232823691863,3,Central and Eastern Europe
Australia,2019,3.1548646972264143,-0.8129942672294207,5,North America and ANZ
Austria,2019,2.7915389795681644,0.007908186690995106,5,Western Europe
Azerbaijan,2019,0.13535703267884547,1.236488975975735,3,Central and Eastern Europe
Bahrain,2019,1.6697484852321023,0.21355018361419514,4,Middle East and North Africa
Bangladesh,2019,-0.647661488246893,-0.20167354827320355,3,South Asia
Belarus,2019,0.300799615023535,1.4915606011134117,3,Central and Eastern Europe
Belgium,2019,2.4050352200366887,0.699902430631492,4,Western Europe
Benin,2019,-2.338520015465176,-0.33170293851563,2,Sub-Saharan Africa
Bhutan,2019,0.14033909051944493,-1.1691712445620386,1,South Asia
Bolivia,2019,0.21829301222540204,0.6619745697626213,3,Latin America and Caribbean
Bosnia and Herzegovina,2019,-0.31597783993400663,0.8627334401438693,3,Central and Eastern Europe
Botswana,2019,-0.9866068303328251,1.2340618228103908,3,Sub-Saharan Africa
Brazil,2019,0.8781571475448631,1.3926822948637507,4,Latin America and Caribbean
Bulgaria,2019,0.124073957814581,2.087240074499779,3,Central and Eastern Europe
Burkina Faso,2019,-1.9304092544718627,0.05539576274602717,2,Sub-Saharan Africa
Burundi,2019,-3.233651063283067,-0.727024325102283,2,Sub-Saharan Africa
Cambodia,2019,-0.417509633751424,-0.3562805140844348,3,Southeast Asia
Cameroon,2019,-1.6759937112570222,0.06840402659726033,2,Sub-Saharan Africa
Canada,2019,3.2068019865366093,-0.6704854576270185,5,North America and ANZ
Chad,2019,-2.956737665446879,-0.11620547398178034,2,Sub-Saharan Africa
Chile,2019,1.0973078447004447,1.15573201410796,4,Latin America and Caribbean
China,2019,0.4973456070018123,1.205346625540131,4,East Asia
Colombia,2019,0.8696608887504476,1.4669545197159395,4,Latin America and Caribbean
Comoros,2019,-2.710842258508334,-0.34368427336690693,2,Sub-Saharan Africa
Costa Rica,2019,1.9852801689477813,0.9276158749691388,4,Latin America and Caribbean
Croatia,2019,0.2602317304055913,1.7537809644563511,3,Central and Eastern Europe
Cyprus,2019,1.1280738718333259,1.157878023763939,4,Western Europe
Czech Republic,2019,1.6469221665746683,2.095356863893179,4,Central and Eastern Europe
Denmark,2019,3.6277871938565722,-0.8898816045895537,5,Western Europe
Dominican Republic,2019,0.7043294939541468,0.982905628853048,4,Latin America and Caribbean
Ecuador,2019,0.8855816697678266,0.9319407302677405,4,Latin America and Caribbean
El Salvador,2019,0.44749628056681645,1.1586310412265637,4,Latin America and Caribbean
Estonia,2019,1.5815354411289917,1.0759154537001432,4,Central and Eastern Europe
Ethiopia,2019,-1.6410357575647334,-0.1532723064870592,2,Sub-Saharan Africa
Finland,2019,3.585323376152356,-0.2112263804544571,5,Western Europe
France,2019,2.1188970983468196,1.2013957997950275,4,Western Europe
Gabon,2019,-0.7576373183185544,1.6994050013806354,3,Sub-Saharan Africa
Georgia,2019,-0.9948521344541069,0.846266577250514,3,Central and Eastern Europe
Germany,2019,2.616237114012212,-0.24383203260773642,5,Western Europe
Ghana,2019,-1.391119231492313,-0.18436730006209615,2,Sub-Saharan Africa
Greece,2019,-0.3128783796565,2.894426035031952,3,Western Europe
Guatemala,2019,0.7779686384433411,0.4126923662618888,4,Latin America and Caribbean
Guinea,2019,-2.0725570337750336,-0.29323148465887205,2,Sub-Saharan Africa
Haiti,2019,-3.133528922178887,-1.255598460149643,2,Latin America and Caribbean
Honduras,2019,0.43843215286388193,-0.034362196159215104,3,Latin America and Caribbean
Hungary,2019,0.236564841870712,2.2408058478184882,3,Central and Eastern Europe
Iceland,2019,3.025529461306936,-0.22277626133308565,5,Western Europe
India,2019,-1.2790004575232832,-0.24183597391757858,2,South Asia
Indonesia,2019,0.048458591790228406,-1.417556106718431,1,Southeast Asia
Iraq,2019,-1.1708128400216307,0.838827436208234,3,Middle East and North Africa
Ireland,2019,3.0703263487960446,-0.5723508997719595,5,Western Europe
Israel,2019,1.9360828706533713,0.7659997138411216,4,Middle East and North Africa
Italy,2019,1.1191665036080725,1.928379608722442,4,Western Europe
Jamaica,2019,0.7185555992703799,1.3578605837273992,4,Latin America and Caribbean
Japan,2019,1.717560899766486,1.624779627071487,4,East Asia
Jordan,2019,-0.042657548934702194,0.9012973624926802,3,Middle East and North Africa
Kazakhstan,2019,0.8769278943678259,1.0755424643551448,4,Commonwealth of Independent States
Kenya,2019,-1.1955961921145626,-1.0492846345768858,2,Sub-Saharan Africa
Kosovo,2019,0.4428296614105323,0.2759506642392477,4,Central and Eastern Europe
Kuwait,2019,1.3783105191426799,1.052527711123835,4,Middle East and North Africa
Latvia,2019,0.5958478502324549,1.9875232890977874,4,Central and Eastern Europe
Lebanon,2019,-0.3768373390444939,1.3832688954639523,3,Middle East and North Africa
Lesotho,2019,-2.1873619979751,0.35970879493520136,2,Sub-Saharan Africa
Liberia,2019,-2.4152306789947184,-0.35236162871693455,2,Sub-Saharan Africa
Libya,2019,0.42188340395410645,0.6524129192812328,4,Middle East and North Africa
Lithuania,2019,0.8033212517636896,2.3040004097813833,4,Central and Eastern Europe
Luxembourg,2019,3.1301794415442306,0.0644437603916097,5,Western Europe
Madagascar,2019,-2.5685450291466254,0.6247416395911,2,Sub-Saharan Africa
Malawi,2019,-2.6118021283659703,-0.783078932879315,2,Sub-Saharan Africa
Malaysia,2019,0.5676834062407664,0.35023677357623373,4,Southeast Asia
Mali,2019,-2.0218675651798668,0.3341725622163893,2,Sub-Saharan Africa
Malta,2019,2.463634017698035,-0.5956880264826335,5,Western Europe
Mauritania,2019,-1.9395788881848617,1.2510741740127451,2,Sub-Saharan Africa
Mauritius,2019,0.9902703429579536,0.5878467007756916,4,Sub-Saharan Africa
Mexico,2019,1.084781007017629,1.5386911860686574,4,Latin America and Caribbean
Moldova,2019,-0.5182697286620956,1.2091624471477522,3,Central and Eastern Europe
Mongolia,2019,0.03696865931667494,0.7719980159604283,3,East Asia
Montenegro,2019,0.1686431935223297,1.5184995959092855,3,Central and Eastern Europe
Morocco,2019,-0.6326523834918956,1.2077035704837817,3,Middle East and North Africa
Mozambique,2019,-1.5623640943754227,-0.7319681385236654,2,Sub-Saharan Africa
Myanmar,2019,-0.2813962210617263,-2.7654410184274436,1,Southeast Asia
Namibia,2019,-0.7450611376041069,1.2401726521837284,3,Sub-Saharan Africa
Nepal,2019,-0.5495466710796564,-0.45223447209215,3,South Asia
Netherlands,2019,3.2119531539478667,-0.8137094268685923,5,Western Europe
New Zealand,2019,3.3981914170129737,-1.276847532350356,5,North America and ANZ
Nicaragua,2019,0.6535120904214353,0.27771614249657145,4,Latin America and Caribbean
Niger,2019,-2.35053050592039,-0.38074860711063385,2,Sub-Saharan Africa
Nigeria,2019,-1.2107526605308534,-0.06873614900930992,3,Sub-Saharan Africa
North Macedonia,2019,0.0980642836087252,1.055633476922624,3,Central and Eastern Europe
Norway,2019,3.640975805976316,-0.6488140209668318,5,Western Europe
Pakistan,2019,-0.9572857566416265,-0.04950140505936986,3,South Asia
Panama,2019,1.4300748930017537,1.3963303271266425,4,Latin America and Caribbean
Paraguay,2019,0.7955449026935231,0.5616954438558502,4,Latin America and Caribbean
Peru,2019,0.45342307126891734,1.5262391607918824,4,Latin America and Caribbean
Philippines,2019,0.40610425942998296,0.5443706665132922,4,Southeast Asia
Poland,2019,1.2934316558652,1.4268103688610192,4,Central and Eastern Europe
Portugal,2019,1.2471356692816773,2.0205700477419644,4,Western Europe
Qatar,2019,2.157267096648791,0.28672099176532595,4,Middle East and North Africa
Romania,2019,0.6740285672697283,1.667498038093707,4,Central and Eastern Europe
Rwanda,2019,-1.0552411217261686,-2.094136919637523,1,Sub-Saharan Africa
Saudi Arabia,2019,1.3995908160891268,1.3691863567858418,4,Middle East and North Africa
Senegal,2019,-1.3761837526486476,0.5861510009334994,3,Sub-Saharan Africa
Serbia,2019,0.24815228550415927,1.5466822209397215,3,Central and Eastern Europe
Sierra Leone,2019,-2.5966139968349085,-0.5208843676725056,2,Sub-Saharan Africa
Singapore,2019,3.366159085053705,-1.0139971607812803,5,Southeast Asia
Slovakia,2019,0.9906495912084528,1.8971224860343154,4,Central and Eastern Europe
Slovenia,2019,1.7521147277428957,1.2111826639917975,4,Central and Eastern Europe
Somalia,2019,-1.7475913295580974,-2.106185446023483,1,Sub-Saharan Africa
South Africa,2019,-0.6004794455941271,0.9466641801234321,3,Sub-Saharan Africa
South Sudan,2019,-4.056992585067183,0.013588406156795498,2,Sub-Saharan Africa
Spain,2019,1.6185650804385856,1.5186445490482274,4,Western Europe
Sri Lanka,2019,-0.03967515202364308,0.32970419584856786,3,South Asia
Sudan,2019,-2.519338909632178,0.5902815285003776,2,Sub-Saharan Africa
Sweden,2019,3.3103617776295575,-0.8415150752128358,5,Western Europe
Switzerland,2019,3.4761989261528434,-0.5859622080629593,5,Western Europe
Taiwan Province of China,2019,1.4757501313814692,0.7822743472374579,4,East Asia
Tajikistan,2019,-0.35289231559124745,-0.26199274902135267,3,Commonwealth of Independent States
Tanzania,2019,-1.898660724554078,-0.9936004940823315,2,Sub-Saharan Africa
Thailand,2019,1.1543569482225324,-0.3052989229756514,4,Southeast Asia
Togo,2019,-2.7336727697996444,-0.229304170350987,2,Sub-Saharan Africa
Trinidad and Tobago,2019,1.0382379463811944,1.0287027785602458,4,Latin America and Caribbean
Tunisia,2019,-1.131125388887663,1.8383475540717438,3,Middle East and North Africa
Turkey,2019,0.1546011468494511,1.7980537835200925,3,Middle East and North Africa
Turkmenistan,2019,0.2676162762699645,0.6628587353428722,3,Commonwealth of Independent States
Uganda,2019,-1.8464796764171552,-0.32963012054425284,2,Sub-Saharan Africa
Ukraine,2019,-0.9622470962963231,1.33886454498024,3,Central and Eastern Europe
United Arab Emirates,2019,2.2500985789271715,-0.24869347047119506,5,Middle East and North Africa
United Kingdom,2019,2.693923101514611,-0.7258341930053078,5,Western Europe
United States,2019,2.0259772797037177,0.24161001649315375,4,North America and ANZ
Uruguay,2019,1.6463955942999313,0.840764376988476,4,Latin America and Caribbean
Uzbekistan,2019,1.62411626591535,-1.2548365129510908,5,Commonwealth of Independent States
Vietnam,2019,0.4356753074356667,0.6784952009026798,4,Southeast Asia
Zambia,2019,-1.452513851966152,-0.45145718236790305,2,Sub-Saharan Africa
Zimbabwe,2019,-1.968128047970455,0.2072206329343787,2,Sub-Saharan Africa
Afghanistan,2020,-4.777392312543169,0.667993984851718,2,South Asia
Albania,2020,-0.46731246068638244,0.6165146113452926,3,Central and Eastern Europe
Algeria,2020,-0.7951840441286817,1.3525147134890136,3,Middle East and North Africa
Angola,2020,-3.071783982317906,0.9935611152029827,2,Sub-Saharan Africa
Argentina,2020,0.9818704740130787,1.4435077613140204,4,Latin America and Caribbean
Armenia,2020,-0.547670177090166,0.8604434855649666,3,Central and Eastern Europe
Australia,2020,3.2387710648459285,-1.1773929635699572,5,North America and ANZ
Austria,2020,2.985334671291617,-0.5033603287971361,5,Western Europe
Azerbaijan,2020,0.4687202354043683,0.66749013096808,4,Central and Eastern Europe
Bahrain,2020,1.7228059637837299,-0.2980502518362044,4,Middle East and North Africa
Bangladesh,2020,-0.34675000931937144,-0.6172112808443535,3,South Asia
Belarus,2020,0.441392888047305,1.08911323651864,4,Central and Eastern Europe
Belgium,2020,2.2065521457141837,0.6194320543411876,4,Western Europe
Benin,2020,-2.1951466378455016,-0.8845881741493109,2,Sub-Saharan Africa
Bhutan,2020,0.05782720704666289,-1.7287322941679153,1,South Asia
Bolivia,2020,0.17072771358285832,0.3927473937501004,3,Latin America and Caribbean
Bosnia and Herzegovina,2020,-0.07695477624964907,0.6642650042099472,3,Central and Eastern Europe
Botswana,2020,-1.0499942303039715,0.9743010148463397,3,Sub-Saharan Africa
Brazil,2020,0.9833333074416197,0.8178355360318017,4,Latin America and Caribbean
Bulgaria,2020,0.23474665122744484,1.6730683419828842,3,Central and Eastern Europe
Burkina Faso,2020,-1.9595934482243136,-0.3376669176855117,2,Sub-Saharan Africa
Burundi,2020,-3.2676068027859038,-1.1634446965458138,2,Sub-Saharan Africa
Cambodia,2020,-0.35025670595529057,-0.6203401783508435,3,Southeast Asia
Cameroon,2020,-1.638788186924177,-0.2642594498295157,2,Sub-Saharan Africa
Canada,2020,3.2522880789972075,-1.0419818650002297,5,North America and ANZ
Chad,2020,-2.998025877722759,-0.4418609266468092,2,Sub-Saharan Africa
Chile,2020,0.9741408547415031,1.1217914277793544,4,Latin America and Caribbean
China,2020,0.6298853289583606,0.8090847551980413,4,East Asia
Colombia,2020,0.8443921847196757,1.2502186107040745,4,Latin America and Caribbean
Comoros,2020,-2.457117804338584,-0.4056560019379278,2,Sub-Saharan Africa
Costa Rica,2020,1.9930258618321859,0.740768825733543,4,Latin America and Caribbean
Croatia,2020,0.4495335241528984,1.6646271949408191,3,Central and Eastern Europe
Cyprus,2020,1.1734669424591528,0.6874084800491141,4,Western Europe
Czech Republic,2020,1.61798297721733,1.8400255291832524,4,Central and Eastern Europe
Denmark,2020,3.8484059180411014,-1.4230291327411646,5,Western Europe
Dominican Republic,2020,0.8228835161660574,0.7115319066822302,4,Latin America and Caribbean
Ecuador,2020,0.7461998245122489,0.780004883722931,4,Latin America and Caribbean
El Salvador,2020,0.5990910085894232,0.5201263789883898,4,Latin America and Caribbean
Estonia,2020,1.743398149437972,0.51121720716561,4,Central and Eastern Europe
Ethiopia,2020,-1.6203203124864451,-0.5487609085149607,2,Sub-Saharan Africa
Finland,2020,3.7592085259050796,-0.8490643054693537,5,Western Europe
France,2020,2.3399092651398092,0.8058331370833434,4,Western Europe
Gabon,2020,-0.8133012408674778,1.374573370691259,3,Sub-Saharan Africa
Georgia,2020,-0.6383424282419692,0.49232972799269525,3,Central and Eastern Europe
Germany,2020,2.7296111025201153,-0.6045824742286892,5,Western Europe
Ghana,2020,-1.0623238730964197,-0.5332594770824399,2,Sub-Saharan Africa
Greece,2020,-0.0028457460490561894,2.601485371882994,3,Western Europe
Guatemala,2020,0.7567676905746208,0.0870247338333259,4,Latin America and Caribbean
Guinea,2020,-1.8742329253079415,-0.822901513865082,2,Sub-Saharan Africa
Haiti,2020,-2.82305203809715,-2.138682379092619,2,Latin America and Caribbean
Honduras,2020,0.48006499172177775,-0.33590017221399654,3,Latin America and Caribbean
Hungary,2020,0.7278280453742895,1.9023829583526908,4,Central and Eastern Europe
Iceland,2020,3.07047667408834,-0.6212126073579182,5,Western Europe
India,2020,-1.4717457324199845,-0.8620868548826358,2,South Asia
Indonesia,2020,0.1271847627531167,-1.9808404996824236,1,Southeast Asia
Iraq,2020,-1.0539630838675795,0.7559698652378349,3,Middle East and North Africa
Ireland,2020,3.2263733434417188,-1.0625615350905788,5,Western Europe
Israel,2020,1.9331924078514482,0.4765960944423278,4,Middle East and North Africa
Italy,2020,1.1690046618432572,1.5050826245004603,4,Western Europe
Jamaica,2020,0.662092901161423,1.064215843635711,4,Latin America and Caribbean
Japan,2020,1.7205617009532337,1.4627696709246005,4,East Asia
Jordan,2020,-0.24111644696225337,0.727816228729511,3,Middle East and North Africa
Kazakhstan,2020,1.0556348194008658,0.7190389038401538,4,Commonwealth of Independent States
Kenya,2020,-1.1255629614741915,-1.5194877202214798,1,Sub-Saharan Africa
Kosovo,2020,0.485368105002491,-0.38361679648129937,3,Central and Eastern Europe
Kuwait,2020,1.4057022289765306,0.7871585553170346,4,Middle East and North Africa
Latvia,2020,0.6478850304328218,1.6647910460755548,4,Central and Eastern Europe
Lebanon,2020,-0.8285170924234065,1.4105498296899344,3,Middle East and North Africa
Lesotho,2020,-2.4901339346254616,0.34877215080596885,2,Sub-Saharan Africa
Liberia,2020,-2.0262487938554545,-0.4381223161754806,2,Sub-Saharan Africa
Libya,2020,0.28841042857239246,0.3073768266561439,3,Middle East and North Africa
Lithuania,2020,1.0443357429475038,1.7300750690860254,4,Central and Eastern Europe
Luxembourg,2020,3.2844800392838724,-0.44084404071055194,5,Western Europe
Madagascar,2020,-2.504437944471159,0.13155392776264918,2,Sub-Saharan Africa
Malawi,2020,-2.4872600212248495,-1.0836063998207848,2,Sub-Saharan Africa
Malaysia,2020,0.7744660017764142,-0.13161722688806896,4,Southeast Asia
Mali,2020,-2.0453725242085437,-0.06672909341615,2,Sub-Saharan Africa
Malta,2020,2.507444509110775,-0.7263189147123961,5,Western Europe
Mauritania,2020,-1.8294296692821637,0.6283458510803113,2,Sub-Saharan Africa
Mauritius,2020,1.229709666660053,0.43752832357892013,4,Sub-Saharan Africa
Mexico,2020,1.1175341510430015,1.0972645372874998,4,Latin America and Caribbean
Moldova,2020,-0.25651442181273687,0.8535513318265484,3,Central and Eastern Europe
Mongolia,2020,0.015042603983881643,0.370910763313108,3,East Asia
Montenegro,2020,0.2563491346146592,1.086239375842669,3,Central and Eastern Europe
Morocco,2020,-0.8776068163610058,0.9715880053838958,3,Middle East and North Africa
Mozambique,2020,-1.4451360115477339,-1.1977815387132908,2,Sub-Saharan Africa
Myanmar,2020,-0.33504491937231584,-3.1129272730999946,1,Southeast Asia
Namibia,2020,-0.9177726827825197,1.0018698937505808,3,Sub-Saharan Africa
Nepal,2020,-0.4264233382347187,-0.8837355646304516,3,South Asia
Netherlands,2020,3.33400450426978,-1.4027987672435263,5,Western Europe
New Zealand,2020,3.5555374877380044,-1.8077157312598833,5,North America and ANZ
Nicaragua,2020,0.8792203124068736,-0.34026586379608126,4,Latin America and Caribbean
Niger,2020,-2.0950664464256876,-0.9925708306209245,2,Sub-Saharan Africa
Nigeria,2020,-1.7431913634540148,-0.3361601285705454,2,Sub-Saharan Africa
North Macedonia,2020,-0.06911394268164223,0.8402907965717347,3,Central and Eastern Europe
Norway,2020,3.795258119136268,-1.3919266351375281,5,Western Europe
Pakistan,2020,-0.8513980243401521,-0.4754152178738424,3,South Asia
Panama,2020,1.3788071959616486,1.2552885498796877,4,Latin America and Caribbean
Paraguay,2020,0.750144767166527,0.27810933465865173,4,Latin America and Caribbean
Peru,2020,0.4617969850466923,1.2758111065952231,4,Latin America and Caribbean
Philippines,2020,0.5949407695269826,0.16103186926561042,4,Southeast Asia
Poland,2020,1.4903862897958369,1.0350609127156956,4,Central and Eastern Europe
Portugal,2020,1.3412558392961298,1.7184458586174378,4,Western Europe
Qatar,2020,2.7565795415895034,-1.3693171487930353,5,Middle East and North Africa
Romania,2020,0.7042294382304448,1.5719717314063972,4,Central and Eastern Europe
Rwanda,2020,-1.082864642782646,-2.7935158688035946,1,Sub-Saharan Africa
Saudi Arabia,2020,1.5571223710686521,0.8877661663809135,4,Middle East and North Africa
Senegal,2020,-1.337443422760571,0.23025514358822816,3,Sub-Saharan Africa
Serbia,2020,0.5110582405981089,1.0997479616461556,4,Central and Eastern Europe
Sierra Leone,2020,-2.824018981699195,-0.8216505384569746,2,Sub-Saharan Africa
Singapore,2020,3.629598434366313,-1.2474014408489307,5,Southeast Asia
Slovakia,2020,1.0272148067588636,1.669004008941302,4,Central and Eastern Europe
Slovenia,2020,1.941457190345564,0.8860504775303407,4,Central and Eastern Europe
Somalia,2020,-1.6003866416774233,-2.541305961853039,1,Sub-Saharan Africa
South Africa,2020,-0.7221563286060599,0.725470307964482,3,Sub-Saharan Africa
South Sudan,2020,-4.0846968720293555,-0.3218962861631119,2,Sub-Saharan Africa
Spain,2020,1.7147434143333016,1.1110594559622797,4,Western Europe
Sri Lanka,2020,-0.11631830244240304,0.04940609745313593,3,South Asia
Sudan,2020,-2.4187518412235955,0.5458016518456186,2,Sub-Saharan Africa
Sweden,2020,3.49135804374671,-1.4060114966636952,5,Western Europe
Switzerland,2020,3.6561509381596706,-1.0857065033437168,5,Western Europe
Taiwan Province of China,2020,1.5586432556790961,0.9339688750464696,4,East Asia
Tajikistan,2020,0.22248323071772574,-0.4999963677227952,3,Commonwealth of Independent States
Tanzania,2020,-1.5743203720092938,-1.4420035799206163,2,Sub-Saharan Africa
Thailand,2020,1.110687722042239,-0.6233003104957109,4,Southeast Asia
Togo,2020,-2.7339416397162872,-0.601515039423541,2,Sub-Saharan Africa
Trinidad and Tobago,2020,0.9475282508104546,0.6991136340857006,4,Latin America and Caribbean
Tunisia,2020,-1.29363450076693,1.6401961953515316,3,Middle East and North Africa
Turkey,2020,-0.07949032300827094,1.4411120812412161,3,Middle East and North Africa
Turkmenistan,2020,0.3833106666717403,-0.17033862154093457,3,Commonwealth of Independent States
Uganda,2020,-1.771244551915041,-0.581954179866062,2,Sub-Saharan Africa
Ukraine,2020,-0.7365025756078953,1.0359325552925696,3,Central and Eastern Europe
United Arab Emirates,2020,2.255033039471763,-0.7417419607880767,5,Middle East and North Africa
United Kingdom,2020,2.8411028618009815,-1.3186846759605748,5,Western Europe
United States,2020,2.103046303399816,-0.2276514520987455,4,North America and ANZ
Uruguay,2020,1.821989910255112,0.4091208393416993,4,Latin America and Caribbean
Uzbekistan,2020,1.6868567319538614,-1.9258494571769982,5,Commonwealth of Independent States
Vietnam,2020,0.6044043852908164,0.3756173412945772,4,Southeast Asia
Zambia,2020,-1.8139165376901922,-0.7720965778733744,2,Sub-Saharan Africa
Zimbabwe,2020,-2.2332851029054073,0.14121614984031902,2,Sub-Saharan Africa
Afghanistan,2021,-5.394292202915992,0.39887047075369314,2,South Asia
Albania,2021,-0.9201863494946816,0.28105177104957724,3,Central and Eastern Europe
Algeria,2021,-1.5749159906948538,0.7578074145580351,3,Middle East and North Africa
Angola,2021,-3.074279679725535,1.1075308279190486,2,Sub-Saharan Africa
Argentina,2021,0.3254501425638905,1.0202471072304893,3,Latin America and Caribbean
Armenia,2021,-0.18465898878689524,0.10417486192519644,3,Central and Eastern Europe
Australia,2021,2.480624713786863,-1.3001440523955865,5,North America and ANZ
Austria,2021,2.3962447563077385,-0.6984604536891,5,Western Europe
Azerbaijan,2021,-0.03651947464532743,0.05450823327271103,3,Central and Eastern Europe
Bahrain,2021,1.3257914906199266,-0.5355686547566627,4,Middle East and North Africa
Bangladesh,2021,-0.9671407261615503,-0.7940701623705173,2,South Asia
Belarus,2021,-0.17414445567396217,0.7719234910237944,3,Central and Eastern Europe
Belgium,2021,1.3843421676493208,0.7507932902860261,4,Western Europe
Benin,2021,-2.4941838416927453,-1.2436243535864766,2,Sub-Saharan Africa
Bhutan,2021,0.14888613131667994,-1.7668132263878806,1,South Asia
Bolivia,2021,-0.4466930220410333,0.05980177360783652,3,Latin America and Caribbean
Bosnia and Herzegovina,2021,-0.3813421310015541,0.21190761630924645,3,Central and Eastern Europe
Botswana,2021,-1.6359270198073221,0.7053247312327476,3,Sub-Saharan Africa
Brazil,2021,0.2836775764598591,0.25040021131085755,3,Latin America and Caribbean
Bulgaria,2021,-0.20259490715789583,1.0192509573684752,3,Central and Eastern Europe
Burkina Faso,2021,-2.5449224124692758,-0.7791913298110398,2,Sub-Saharan Africa
Burundi,2021,-3.885667646234685,-1.447195741308849,2,Sub-Saharan Africa
Cambodia,2021,-1.0400400858524645,-0.8327931955528491,2,Southeast Asia
Cameroon,2021,-2.211742913898037,-0.5946318552997836,2,Sub-Saharan Africa
Canada,2021,2.4214122792898944,-1.1215174098188543,5,North America and ANZ
Chad,2021,-3.7135453836048615,-0.852004538177543,2,Sub-Saharan Africa
Chile,2021,0.2867542509642135,0.6603971593098852,3,Latin America and Caribbean
China,2021,0.10123016646202167,0.30269237457705384,3,East Asia
Colombia,2021,0.0577698118399759,0.6503320676543745,3,Latin America and Caribbean
Comoros,2021,-3.0558033030763583,-0.6651645251584641,2,Sub-Saharan Africa
Costa Rica,2021,1.260135999894604,0.5424447388897021,4,Latin America and Caribbean
Croatia,2021,0.2098438847481276,1.3421412000071622,3,Central and Eastern Europe
Cyprus,2021,0.5131004828914723,0.6018499676206654,4,Western Europe
Czech Republic,2021,1.2392920622556987,1.39842045795634,4,Central and Eastern Europe
Denmark,2021,3.1554047936936085,-1.545526393800193,5,Western Europe
Dominican Republic,2021,0.10707665149613468,0.23765584699318942,3,Latin America and Caribbean
Ecuador,2021,-0.1516416295180798,0.5305768989354775,3,Latin America and Caribbean
El Salvador,2021,-0.03153478872872095,-0.2402586984762305,3,Latin America and Caribbean
Estonia,2021,1.446910923164911,-0.16616080809594141,4,Central and Eastern Europe
Ethiopia,2021,-2.102961736882136,-0.9983605712223771,2,Sub-Saharan Africa
Finland,2021,3.123674010593494,-1.0462801538204647,5,Western Europe
France,2021,1.7059079072496814,0.5073924773883993,4,Western Europe
Gabon,2021,-1.3777410517570876,0.8294449379785811,3,Sub-Saharan Africa
Georgia,2021,-1.0089834838212175,0.32186034146023895,3,Central and Eastern Europe
Germany,2021,2.1410992897675163,-0.6312713633771516,5,Western Europe
Ghana,2021,-1.5984629939513808,-0.9684119410478985,2,Sub-Saharan Africa
Greece,2021,-0.3697547294293688,2.025573104521098,3,Western Europe
Guatemala,2021,0.13540846939412426,-0.29899163605662515,3,Latin America and Caribbean
Guinea,2021,-2.4591157731575155,-1.1648164836666384,2,Sub-Saharan Africa
Haiti,2021,-3.5547121847258007,-2.628801314963785,2,Latin America and Caribbean
Honduras,2021,-0.26213896243657553,-0.6131600869616322,3,Latin America and Caribbean
Hungary,2021,0.2907218075574024,1.4328823163414681,3,Central and Eastern Europe
Iceland,2021,2.5007215580095945,-0.7116583852215032,5,Western Europe
India,2021,-1.9312064018288695,-1.3324250858543885,2,South Asia
Indonesia,2021,-0.4599791726038612,-2.4151311816833725,1,Southeast Asia
Iraq,2021,-1.845180549493263,0.45683976416349004,2,Middle East and North Africa
Ireland,2021,2.5653862580993376,-1.0347631158105137,5,Western Europe
Israel,2021,1.5385564584315599,0.28869296017403134,4,Middle East and North Africa
Italy,2021,0.6068827182691477,1.2343414604519278,4,Western Europe
Jamaica,2021,0.19373591060071627,0.6280609905160707,3,Latin America and Caribbean
Japan,2021,1.0318335976170523,1.1199782564327498,4,East Asia
Jordan,2021,-1.0813172000338795,0.3480458279320652,3,Middle East and North Africa
Kazakhstan,2021,0.6937969163037401,0.2380527948134826,4,Commonwealth of Independent States
Kenya,2021,-1.818709784751575,-1.6774859529585506,2,Sub-Saharan Africa
Kosovo,2021,-0.08331536455345934,-1.0232165682188237,1,Central and Eastern Europe
Kuwait,2021,0.7102450481551571,0.3571676520279224,4,Middle East and North Africa
Latvia,2021,0.21429379220632117,1.1634779977655054,3,Central and Eastern Europe
Lebanon,2021,-1.5136314119788847,1.2319793627768423,3,Middle East and North Africa
Lesotho,2021,-3.255050669765566,0.18938387834458287,2,Sub-Saharan Africa
Liberia,2021,-2.5377247115193287,-0.7805036454521759,2,Sub-Saharan Africa
Libya,2021,-0.44719358653961105,-0.053543688137836,3,Middle East and North Africa
Lithuania,2021,0.5518360219487841,1.3354194802822097,4,Central and Eastern Europe
Luxembourg,2021,2.68590430244174,-0.5712727655402572,5,Western Europe
Madagascar,2021,-3.0792921250177003,-0.23221300107551873,2,Sub-Saharan Africa
Malawi,2021,-3.2252347444605496,-1.4781509220525257,2,Sub-Saharan Africa
Malaysia,2021,0.1151339614795332,-0.52649791970842,3,Southeast Asia
Mali,2021,-2.6660372161689243,-0.42315836051665573,2,Sub-Saharan Africa
Malta,2021,1.7726075832384725,-0.7429960264309008,5,Western Europe
Mauritania,2021,-2.387368204010779,0.28111280105796377,2,Sub-Saharan Africa
Mauritius,2021,0.5019308411831946,0.23685164441869783,4,Sub-Saharan Africa
Mexico,2021,0.4118170735526973,0.582688431203329,4,Latin America and Caribbean
Moldova,2021,-0.3292874644985044,0.5957955733409025,3,Central and Eastern Europe
Mongolia,2021,-0.5037835055372705,-0.09519454466153,3,East Asia
Montenegro,2021,-0.2182535409485633,0.5401807952440799,3,Central and Eastern Europe
Morocco,2021,-1.685511648595066,0.4927229359285988,2,Middle East and North Africa
Mozambique,2021,-1.8720166854882103,-1.6454759553359497,2,Sub-Saharan Africa
Myanmar,2021,-1.0722258298586513,-3.1458831001668517,1,Southeast Asia
Namibia,2021,-1.7324604699615693,0.5609445586506526,2,Sub-Saharan Africa
Nepal,2021,-1.0557988964371299,-1.2048255873433658,2,South Asia
Netherlands,2021,2.7396588915741824,-1.6662335668179649,5,Western Europe
New Zealand,2021,2.810780624900164,-1.816984155248295,5,North America and ANZ
Nicaragua,2021,0.06648326317973866,-0.6307787269860575,3,Latin America and Caribbean
Niger,2021,-2.342095918582286,-1.4516362092118058,2,Sub-Saharan Africa
Nigeria,2021,-2.3880864489186626,-0.5609934682585561,2,Sub-Saharan Africa
North Macedonia,2021,-0.8377313517165931,0.18675509458453168,3,Central and Eastern Europe
Norway,2021,3.043176519962861,-1.55616333435838,5,Western Europe
Pakistan,2021,-1.9982210590112184,-0.9601894858246023,2,South Asia
Panama,2021,0.6873050635045459,1.0089436786347483,4,Latin America and Caribbean
Paraguay,2021,-0.028914013502120556,-0.01370962340585085,3,Latin America and Caribbean
Peru,2021,-0.20318428770942976,0.8681302525022476,3,Latin America and Caribbean
Philippines,2021,-0.14872290326724505,-0.22986006776091986,3,Southeast Asia
Poland,2021,0.8018633647046236,0.7514445352617385,4,Central and Eastern Europe
Portugal,2021,0.7013424900737878,1.425938229714594,4,Western Europe
Qatar,2021,2.359985909472687,-1.059589322787348,5,Middle East and North Africa
Romania,2021,0.13222942928073045,1.3430004569923861,3,Central and Eastern Europe
Rwanda,2021,-1.6308641565657516,-3.147610023223549,1,Sub-Saharan Africa
Saudi Arabia,2021,1.0667956835024692,0.44131959965937345,4,Middle East and North Africa
Senegal,2021,-1.9467833560073353,-0.19278927053558326,2,Sub-Saharan Africa
Serbia,2021,0.15052303111615223,0.30147116347728947,3,Central and Eastern Europe
Sierra Leone,2021,-3.4068103044072893,-1.0850281641783208,2,Sub-Saharan Africa
Singapore,2021,3.0023864556958837,-1.4442369681000164,5,Southeast Asia
Slovakia,2021,0.4823948990003236,1.2751582739364467,4,Central and Eastern Europe
Slovenia,2021,1.4201093087558814,0.581126268814962,4,Central and Eastern Europe
Somalia,2021,-1.7535912611064464,-2.538712405466861,1,Sub-Saharan Africa
South Africa,2021,-1.2753311103976352,0.30662344893261423,3,Sub-Saharan Africa
South Sudan,2021,-3.8565855519752423,-0.6643467819008848,2,Sub-Saharan Africa
Spain,2021,1.1624368177458622,0.8254417708813315,4,Western Europe
Sri Lanka,2021,-0.7700416413923743,-0.28183639301450525,3,South Asia
Sudan,2021,-2.3980521215285155,0.7156255735428818,2,Sub-Saharan Africa
Sweden,2021,2.885881628332794,-1.6610777470316944,5,Western Europe
Switzerland,2021,2.999004626494622,-1.0919075560121927,5,Western Europe
Taiwan Province of China,2021,1.0400405887588595,0.5384404753911344,4,East Asia
Tajikistan,2021,-0.38789606783591923,-0.8131564448188979,3,Commonwealth of Independent States
Tanzania,2021,-2.017131370046319,-2.20474638395507,2,Sub-Saharan Africa
Thailand,2021,0.37358043568397215,-0.9676820682448105,1,Southeast Asia
Togo,2021,-3.452092877960755,-0.9199535424905971,2,Sub-Saharan Africa
Trinidad and Tobago,2021,0.8628031907949081,0.5196567037026286,4,Latin America and Caribbean
Tunisia,2021,-1.7056947742491144,1.083761410307794,3,Middle East and North Africa
Turkey,2021,-0.9171337603013553,1.1293504301952115,3,Middle East and North Africa
Turkmenistan,2021,-0.10441043776119413,-0.9507784234908776,3,Commonwealth of Independent States
Uganda,2021,-2.3128781537590597,-0.8501338809795688,2,Sub-Saharan Africa
Ukraine,2021,-0.9419171393934638,0.5558313927664793,3,Central and Eastern Europe
United Arab Emirates,2021,1.4851220599526591,-0.8595534972927261,4,Middle East and North Africa
United Kingdom,2021,2.148645470341851,-1.5023210487803234,5,Western Europe
United States,2021,1.4666584531357256,-0.3157644660395563,4,North America and ANZ
Uruguay,2021,1.2187053703187338,-0.12524472287894556,4,Latin America and Caribbean
Uzbekistan,2021,0.9376150549027324,-2.4924470744324223,1,Commonwealth of Independent States
Vietnam,2021,-0.030488833862582068,0.03209841540305305,3,Southeast Asia
Zambia,2021,-2.387942762022906,-0.8927843390060242,2,Sub-Saharan Africa
Zimbabwe,2021,-3.0434565668978864,-0.19340142582452646,2,Sub-Saharan Africa
Afghanistan,2022,-4.817959167779202,0.9595318431125662,2,South Asia
Albania,2022,-0.1545609110601746,0.7764386622984406,3,Central and Eastern Europe
Algeria,2022,-0.5404396884896028,1.247684509186324,3,Middle East and North Africa
Angola,2022,-3.072858650589307,1.1059407120815388,2,Sub-Saharan Africa
Argentina,2022,1.0111643618859782,1.1600680493810505,4,Latin America and Caribbean
Armenia,2022,0.5688571750204183,0.5129869110255275,4,Central and Eastern Europe
Australia,2022,3.1220739739757764,-0.9592814732582827,5,North America and ANZ
Austria,2022,2.9309061578701963,-0.40229835144581333,5,Western Europe
Azerbaijan,2022,1.0481454985021104,0.1648910263847289,4,Central and Eastern Europe
Bahrain,2022,1.9458596310879495,-0.08180564226708012,4,Middle East and North Africa
Bangladesh,2022,-0.18368627139574414,-0.3628157868087043,3,South Asia
Belarus,2022,0.9050384103454517,0.9601786271014575,4,Central and Eastern Europe
Belgium,2022,1.9957865816381992,1.2319070617884618,4,Western Europe
Benin,2022,-1.8627964231231777,-0.9346604077384881,2,Sub-Saharan Africa
Bhutan,2022,-0.026016263699201486,-1.8237609842350193,1,South Asia
Bolivia,2022,0.19310947414522234,0.5053726456709795,3,Latin America and Caribbean
Bosnia and Herzegovina,2022,0.40192411217923274,0.5757617049947745,4,Central and Eastern Europe
Botswana,2022,-1.1323749615379446,0.8985512675530035,3,Sub-Saharan Africa
Brazil,2022,0.9964511716750635,0.5105315309105047,4,Latin America and Caribbean
Bulgaria,2022,0.700136205022821,1.181146380723096,4,Central and Eastern Europe
Burkina Faso,2022,-1.8446462496517564,-0.43830455787796907,2,Sub-Saharan Africa
Burundi,2022,-3.7108370509290998,-0.8543630616389474,2,Sub-Saharan Africa
Cambodia,2022,-0.43632578672902456,-0.3461424607100071,3,Southeast Asia
Cameroon,2022,-1.4751678690117236,0.14714535095253375,2,Sub-Saharan Africa
Canada,2022,3.0576507351303066,-0.7938955109872462,5,North America and ANZ
Chad,2022,-2.9584484291547417,-0.008769989184689912,2,Sub-Saharan Africa
Chile,2022,1.0418666962574208,1.2228220775331655,4,Latin America and Caribbean
China,2022,1.033807647827458,0.49990622223083514,4,East Asia
Colombia,2022,0.6395482237589608,1.032587160830217,4,Latin America and Caribbean
Comoros,2022,-2.1343230773405852,-0.037050407506784705,2,Sub-Saharan Africa
Costa Rica,2022,1.640739260252634,0.8811919321218834,4,Latin America and Caribbean
Croatia,2022,1.130848948121344,1.538900917135498,4,Central and Eastern Europe
Cyprus,2022,1.0877176965306945,1.3114787743201761,4,Western Europe
Czech Republic,2022,1.2646785846489468,1.5866332306185011,4,Central and Eastern Europe
Denmark,2022,3.971094417791455,-1.3509794419721344,5,Western Europe
Dominican Republic,2022,0.9356892465643906,0.47292857047524606,4,Latin America and Caribbean
Ecuador,2022,0.4084038013373046,0.91485885832696,4,Latin America and Caribbean
El Salvador,2022,0.8190890677950695,-0.07628806799429705,4,Latin America and Caribbean
Estonia,2022,2.5697645028094613,-0.17767123925260628,5,Central and Eastern Europe
Ethiopia,2022,-1.2507202440654543,-0.5014742619740454,2,Sub-Saharan Africa
Finland,2022,4.017587103154357,-0.9076208759668942,5,Western Europe
France,2022,2.4468343329006466,0.7762914183994791,4,Western Europe
Gabon,2022,-0.9363549902048244,1.2615028391188101,3,Sub-Saharan Africa
Georgia,2022,-0.11056338938660028,0.7699175697742977,3,Central and Eastern Europe
Germany,2022,2.7465425929565725,-0.3209453381333745,5,Western Europe
Ghana,2022,-1.1258622339125086,-0.3700071602252334,2,Sub-Saharan Africa
Greece,2022,0.4815614818455366,2.119840084142646,3,Western Europe
Guatemala,2022,0.5878768790185833,0.1831487173775081,4,Latin America and Caribbean
Guinea,2022,-1.8779034542129223,-0.47999960049696566,2,Sub-Saharan Africa
Haiti,2022,-3.1707675676845137,-1.8424489132210438,2,Latin America and Caribbean
Honduras,2022,0.20987832255422562,-0.09757830949396445,3,Latin America and Caribbean
Hungary,2022,1.1751436451145976,1.5743412120352112,4,Central and Eastern Europe
Iceland,2022,3.2647141363810483,-0.3377842224879393,5,Western Europe
India,2022,-1.234550433832707,-0.8184267011020527,2,South Asia
Indonesia,2022,0.23093096440600525,-1.6284200568831129,1,Southeast Asia
Iraq,2022,-1.0203354371457447,0.7907106006525297,3,Middle East and North Africa
Ireland,2022,3.2787327114108455,-0.6280417256305683,5,Western Europe
Israel,2022,2.468402253135314,0.768328033109281,4,Middle East and North Africa
Italy,2022,1.2543808896570112,1.7282187438159797,4,Western Europe
Jamaica,2022,0.5241580766630249,1.077587666123602,4,Latin America and Caribbean
Japan,2022,1.8613134037098595,1.3744331234190568,4,East Asia
Jordan,2022,-0.40153491172806766,0.5446299440362546,3,Middle East and North Africa
Kazakhstan,2022,1.5246713449242582,0.5385052478967308,4,Commonwealth of Independent States
Kenya,2022,-1.3827694414198848,-1.0032386705843053,2,Sub-Saharan Africa
Kosovo,2022,0.7321076952625308,-0.44270662536045136,4,Central and Eastern Europe
Kuwait,2022,1.667429822301044,0.8914645989349986,4,Middle East and North Africa
Latvia,2022,1.2335961652154381,1.4099653317236303,4,Central and Eastern Europe
Lebanon,2022,-2.458375084943683,1.6303401282042354,2,Middle East and North Africa
Lesotho,2022,-2.7188393357465133,0.592283285552569,2,Sub-Saharan Africa
Liberia,2022,-1.736562845680124,-0.23535697978103792,2,Sub-Saharan Africa
Libya,2022,0.3880369438386201,0.5179601775777923,4,Middle East and North Africa
Lithuania,2022,1.3820691421746176,1.6662323066665892,4,Central and Eastern Europe
Luxembourg,2022,3.6082151545108188,-0.18257415406173128,5,Western Europe
Madagascar,2022,-2.2581558610260037,0.08877770673365323,2,Sub-Saharan Africa
Malawi,2022,-2.3412784327111966,-0.6760949649489819,2,Sub-Saharan Africa
Malaysia,2022,1.100533999452435,-0.14050780962440304,4,Southeast Asia
Mali,2022,-2.3348344273371224,0.2943964152853112,2,Sub-Saharan Africa
Malta,2022,2.280232252202988,0.2702296875226029,4,Western Europe
Mauritania,2022,-1.3582902069772358,0.7377826897824551,3,Sub-Saharan Africa
Mauritius,2022,1.06490266985573,0.6174601901686777,4,Sub-Saharan Africa
Mexico,2022,0.9372892100620602,0.6453358020141139,4,Latin America and Caribbean
Moldova,2022,0.4500940117703668,1.0541952565304964,4,Central and Eastern Europe
Mongolia,2022,0.1629043038765979,0.30669985686782686,3,East Asia
Montenegro,2022,0.493136877571575,0.9554234271562475,4,Central and Eastern Europe
Morocco,2022,-1.0852419198470569,0.7471543719967441,3,Middle East and North Africa
Mozambique,2022,-1.3169418883477164,-1.283098496393514,2,Sub-Saharan Africa
Myanmar,2022,-0.5166520466143629,-2.2288721168393777,1,Southeast Asia
Namibia,2022,-1.1768957179650879,1.045093814793949,3,Sub-Saharan Africa
Nepal,2022,-0.4143706918628777,-0.6261854731726457,3,South Asia
Netherlands,2022,3.4443774897258552,-1.2895561101528998,5,Western Europe
New Zealand,2022,3.44592886867178,-1.515681979817938,5,North America and ANZ
Nicaragua,2022,0.9462763110354837,-0.3877316182170203,4,Latin America and Caribbean
Niger,2022,-1.4294191210628835,-0.8383500858461871,2,Sub-Saharan Africa
Nigeria,2022,-1.51076587709917,0.14080568040170818,2,Sub-Saharan Africa
North Macedonia,2022,0.02571123514261968,0.4267001812645449,3,Central and Eastern Europe
Norway,2022,3.797390523231419,-1.28041421485234,5,Western Europe
Pakistan,2022,-1.6319185971483559,-0.3909288863609951,2,South Asia
Panama,2022,1.3550225781465177,1.552831695865757,4,Latin America and Caribbean
Paraguay,2022,0.776971960893188,0.44709990059887755,4,Latin America and Caribbean
Peru,2022,0.33941746367655007,1.1233763268717913,3,Latin America and Caribbean
Philippines,2022,0.6110962423923595,0.10532095483603775,4,Southeast Asia
Poland,2022,1.4945897832002069,0.8852639291139587,4,Central and Eastern Europe
Portugal,2022,1.4504634134105066,1.7503471872182836,4,Western Europe
Qatar,2022,2.3567627234559207,-1.2372912163444028,5,Middle East and North Africa
Romania,2022,1.1313718254502563,1.6809535185238673,4,Central and Eastern Europe
Rwanda,2022,-1.1856774617323842,-2.8902736447796227,1,Sub-Saharan Africa
Saudi Arabia,2022,1.8151119338205417,0.6672864322455607,4,Middle East and North Africa
Senegal,2022,-1.2290201327390613,-0.012851697670875092,3,Sub-Saharan Africa
Serbia,2022,1.0832762286878312,0.25436245644683875,4,Central and Eastern Europe
Sierra Leone,2022,-2.834982807549824,-0.44977228747408493,2,Sub-Saharan Africa
Singapore,2022,3.652232831607586,-1.2808479856980763,5,Southeast Asia
Slovakia,2022,1.2719926590385822,1.5303911327666204,4,Central and Eastern Europe
Slovenia,2022,2.2635977130634286,0.8615828853881217,4,Central and Eastern Europe
Somalia,2022,-1.6901927519819224,-2.4947998250024104,1,Sub-Saharan Africa
South Africa,2022,-0.37134917306401066,1.1327226317053312,3,Sub-Saharan Africa
South Sudan,2022,-3.839088843312155,-0.5798537800362255,2,Sub-Saharan Africa
Spain,2022,1.8790351192770502,1.1619917866227112,4,Western Europe
Sri Lanka,2022,-0.12034157494290565,0.5595288580429949,3,South Asia
Sudan,2022,-2.2690955981218877,0.717848741313763,2,Sub-Saharan Africa
Sweden,2022,3.800545051977703,-1.4915637122871483,5,Western Europe
Switzerland,2022,3.7574675714388555,-0.644815162029254,5,Western Europe
Taiwan Province of China,2022,1.8284660656402731,1.0846942603301353,4,East Asia
Tajikistan,2022,0.36552635813873946,-0.5660062970650624,3,Commonwealth of Independent States
Tanzania,2022,-1.1606053233338693,-1.6981073912733813,1,Sub-Saharan Africa
Thailand,2022,1.0772194860656663,-0.235152714041415,4,Southeast Asia
Togo,2022,-2.525073048176334,-0.3631262354569642,2,Sub-Saharan Africa
Trinidad and Tobago,2022,0.859813702913953,0.23272607974878864,4,Latin America and Caribbean
Tunisia,2022,-1.1995390779957171,1.6866109584907394,3,Middle East and North Africa
Turkey,2022,-0.35163571107692043,1.5488977717175882,3,Middle East and North Africa
Turkmenistan,2022,0.8949191535857675,-0.3109326017511452,4,Commonwealth of Independent States
Uganda,2022,-1.4095831240198036,-0.16328433837075154,2,Sub-Saharan Africa
Ukraine,2022,-0.018742963147275665,0.736794262350624,3,Central and Eastern Europe
United Arab Emirates,2022,2.2607910139913745,-0.49408011262385376,5,Middle East and North Africa
United Kingdom,2022,2.686464478910021,-1.0361702941077648,5,Western Europe
United States,2022,2.200721818473952,0.08774814212478278,4,North America and ANZ
Uruguay,2022,2.066992250403574,0.1195011725012372,4,Latin America and Caribbean
Uzbekistan,2022,1.4042265921505659,-1.341606142840235,1,Commonwealth of Independent States
Vietnam,2022,0.5941027611717723,0.057323991313665376,4,Southeast Asia
Zambia,2022,-1.8785036999873832,-0.5728586071484939,2,Sub-Saharan Africa
Zimbabwe,2022,-2.5550823292693354,0.3545852705751691,2,Sub-Saharan Africa
Afghanistan,2023,-5.379724780186469,0.467434342692544,2,South Asia
Albania,2023,-0.03636999763583357,0.7119067356611014,3,Central and Eastern Europe
Algeria,2023,-0.2222839139507038,1.2762148116192402,3,Middle East and North Africa
Angola,2023,-3.118166151049169,0.9986584933289013,2,Sub-Saharan Africa
Argentina,2023,1.0542595331363227,1.066269602007437,4,Latin America and Caribbean
Armenia,2023,0.4401094949147343,0.7875747123355152,4,Central and Eastern Europe
Australia,2023,2.9643959019066353,-0.7286888408153381,5,North America and ANZ
Austria,2023,2.7261749069452867,-0.37546404872625544,5,Western Europe
Azerbaijan,2023,-0.08146107659344784,0.7592184060843472,3,Central and Eastern Europe
Bahrain,2023,1.7425123142936523,-0.1397418686913727,4,Middle East and North Africa
Bangladesh,2023,-1.066804032169061,-0.5791838609246267,2,South Asia
Belarus,2023,0.4209593289365291,0.9849899733477114,4,Central and Eastern Europe
Belgium,2023,2.46865505462686,0.22628545733877106,4,Western Europe
Benin,2023,-2.0662360460094735,-1.0183989048730837,2,Sub-Saharan Africa
Bhutan,2023,0.007956519725235256,-1.9081324764644148,1,South Asia
Bolivia,2023,0.2414239369223691,0.5529236556238034,3,Latin America and Caribbean
Bosnia and Herzegovina,2023,0.39038596641773393,0.47695147759753925,4,Central and Eastern Europe
Botswana,2023,-1.5087710445826676,1.1200413422927429,3,Sub-Saharan Africa
Brazil,2023,0.8139578981578459,0.4179442386018898,4,Latin America and Caribbean
Bulgaria,2023,0.6774614630347673,1.3473649657895779,4,Central and Eastern Europe
Burkina Faso,2023,-1.8725324173043063,-0.47939635964209787,2,Sub-Saharan Africa
Burundi,2023,-3.7744612465389675,-0.8025821364710549,2,Sub-Saharan Africa
Cambodia,2023,-0.5311543646351156,-0.378633362729849,3,Southeast Asia
Cameroon,2023,-1.6272893941960371,0.21410132677461388,2,Sub-Saharan Africa
Canada,2023,2.960321284739929,-0.7828553245834261,5,North America and ANZ
Chad,2023,-2.137309583769562,-0.7833003440880296,2,Sub-Saharan Africa
Chile,2023,1.293308379864496,0.9953175450887013,4,Latin America and Caribbean
China,2023,1.1292293966554952,0.37131428560113505,4,East Asia
Colombia,2023,0.5405427954386051,1.0796780283832248,4,Latin America and Caribbean
Comoros,2023,-3.2640436830945974,0.14094409890564266,2,Sub-Saharan Africa
Costa Rica,2023,1.6850546670507631,0.7106789297286922,4,Latin America and Caribbean
Croatia,2023,1.005954260435974,1.7317037457689253,4,Central and Eastern Europe
Cyprus,2023,1.0153738548196052,1.4873062581771253,4,Western Europe
Czech Republic,2023,1.1952997333614737,1.6028737268992603,4,Central and Eastern Europe
Denmark,2023,3.9373988125906343,-1.4732048096764614,5,Western Europe
Dominican Republic,2023,0.8272161977023522,0.33787474292769487,4,Latin America and Caribbean
Ecuador,2023,0.33166011415820623,0.9921303922001912,3,Latin America and Caribbean
El Salvador,2023,0.917378475413675,-0.13707366582240205,4,Latin America and Caribbean
Estonia,2023,2.7842367788084363,-0.6013673465970919,5,Central and Eastern Europe
Ethiopia,2023,-1.3879269712928257,-0.7753307096712178,2,Sub-Saharan Africa
Finland,2023,4.0915388395215215,-1.0692899565949094,5,Western Europe
France,2023,2.328525646169495,0.588278162462516,4,Western Europe
Gabon,2023,-0.9217245556129781,1.2217543513615428,3,Sub-Saharan Africa
Georgia,2023,0.03467637731045592,0.7848577222413529,3,Central and Eastern Europe
Germany,2023,2.748450392650527,-0.3408696969879353,5,Western Europe
Ghana,2023,-1.417664573096867,-0.2844894279897288,2,Sub-Saharan Africa
Greece,2023,0.36792970834316463,2.1976047008297495,3,Western Europe
Guatemala,2023,0.43755765918526457,0.5583239050106337,4,Latin America and Caribbean
Guinea,2023,-1.8487394575569596,-0.4464008827494129,2,Sub-Saharan Africa
Haiti,2023,-3.259871592888881,-1.9052412263219562,2,Latin America and Caribbean
Honduras,2023,0.11005560595446467,-0.061146125707743124,3,Latin America and Caribbean
Hungary,2023,1.16658068346679,1.3695194662440227,4,Central and Eastern Europe
Iceland,2023,3.2235671165806687,-0.23683032131990633,5,Western Europe
India,2023,-1.0875548897307257,-0.6716091219686724,2,South Asia
Indonesia,2023,0.27367744683090567,-1.3696815016910613,1,Southeast Asia
Iraq,2023,-1.0594146740263815,0.8525619927937216,3,Middle East and North Africa
Ireland,2023,3.2200857138027437,-0.6764063417172147,5,Western Europe
Israel,2023,2.5067049864472346,0.9067169736494757,4,Middle East and North Africa
Italy,2023,1.272112834581311,1.5933402648264587,4,Western Europe
Jamaica,2023,0.4283099929670965,1.10478565916079,4,Latin America and Caribbean
Japan,2023,1.870495779271965,1.3744058874122935,4,East Asia
Jordan,2023,-0.5088336982630787,0.5562515916431875,3,Middle East and North Africa
Kazakhstan,2023,1.5179742183877876,0.47237550059241196,4,Commonwealth of Independent States
Kenya,2023,-1.538032097973283,-0.6292342747452995,2,Sub-Saharan Africa
Kosovo,2023,0.8645670111187878,-0.2888006468935843,4,Central and Eastern Europe
Kuwait,2023,1.4512876079527053,0.6689097365111751,4,Middle East and North Africa
Latvia,2023,1.3523631072562061,1.1443181182207658,4,Central and Eastern Europe
Lebanon,2023,-3.0880090591080886,1.5536142110950872,2,Middle East and North Africa
Lesotho,2023,-2.5971147692592567,0.15974850930875728,2,Sub-Saharan Africa
Liberia,2023,-2.3921280245262926,-0.7610578501346098,2,Sub-Saharan Africa
Libya,2023,0.24644965920334222,0.44182344190465866,3,Middle East and North Africa
Lithuania,2023,1.5274651188588058,1.6194343320426514,4,Central and Eastern Europe
Luxembourg,2023,3.467672721414057,-0.5864759368615337,5,Western Europe
Madagascar,2023,-2.6801647275647884,-0.11375814287182072,2,Sub-Saharan Africa
Malawi,2023,-2.596131694863152,-0.6140175359710083,2,Sub-Saharan Africa
Malaysia,2023,1.0811299686493943,-0.2442333299249098,4,Southeast Asia
Mali,2023,-2.4013597321841393,0.009670875518233549,2,Sub-Saharan Africa
Malta,2023,2.1112370020341693,0.21784770790907598,4,Western Europe
Mauritania,2023,-1.3927376577677306,-0.029301566577040437,2,Sub-Saharan Africa
Mauritius,2023,0.8892781715024134,0.6784668471362281,4,Sub-Saharan Africa
Mexico,2023,0.9958900122584765,0.6623566507246673,4,Latin America and Caribbean
Moldova,2023,0.5129113345243852,1.0711536557229655,4,Central and Eastern Europe
Mongolia,2023,0.22511923169445325,0.3204806834217337,3,East Asia
Montenegro,2023,0.7913558856205123,0.6420740421703323,4,Central and Eastern Europe
Morocco,2023,-1.122225930913507,0.7771503381532227,3,Middle East and North Africa
Mozambique,2023,-1.3717138226329209,-1.1685539720134044,2,Sub-Saharan Africa
Myanmar,2023,-0.6894637074083821,-1.7876023734831454,1,Southeast Asia
Namibia,2023,-1.1555393743640248,1.03039474694153,3,Sub-Saharan Africa
Nepal,2023,-0.46278138383273215,-0.48362615549787313,3,South Asia
Netherlands,2023,3.349046012926247,-1.106244894091577,5,Western Europe
New Zealand,2023,3.321475779233158,-1.3506918068742544,5,North America and ANZ
Nicaragua,2023,1.023318299882494,-0.37799014691449195,4,Latin America and Caribbean
Niger,2023,-1.9855923855552788,-0.8127810575634149,2,Sub-Saharan Africa
Nigeria,2023,-1.4030975992037193,0.24859816923193326,3,Sub-Saharan Africa
North Macedonia,2023,0.06321019404705601,0.4891097502084226,3,Central and Eastern Europe
Norway,2023,3.732723298390971,-1.2593814442180509,5,Western Europe
Pakistan,2023,-1.5500038099424849,-0.20850538705637958,2,South Asia
Panama,2023,1.3559891767697732,1.4475476039811181,4,Latin America and Caribbean
Paraguay,2023,0.9446527677171064,0.5091725344329184,4,Latin America and Caribbean
Peru,2023,0.24769117944146316,1.261022868634358,3,Latin America and Caribbean
Philippines,2023,0.34499123156157335,-0.017930385656398352,3,Southeast Asia
Poland,2023,1.5006652078524938,0.9515891879861897,4,Central and Eastern Europe
Portugal,2023,1.4485590013220035,1.5785975511065506,4,Western Europe
Qatar,2023,2.7830968812510304,-1.400582072638429,5,Middle East and North Africa
Romania,2023,1.1758294383727268,1.6242687254508719,4,Central and Eastern Europe
Rwanda,2023,-1.43723144658935,-2.806111225306968,1,Sub-Saharan Africa
Saudi Arabia,2023,1.7897388408649282,0.5507382668089608,4,Middle East and North Africa
Senegal,2023,-1.4238769562713811,-0.007224589820431667,2,Sub-Saharan Africa
Serbia,2023,1.1439338382509616,-0.040539415170838505,4,Central and Eastern Europe
Sierra Leone,2023,-3.248567481343457,-0.4279513415751583,2,Sub-Saharan Africa
Singapore,2023,3.493231777158249,-1.227799004857677,5,Southeast Asia
Slovakia,2023,1.3161340275387494,1.4653532150294921,4,Central and Eastern Europe
Slovenia,2023,2.2866598045961055,0.6650468758742363,4,Central and Eastern Europe
Somalia,2023,-1.6722393672044165,-2.3875272492885875,1,Sub-Saharan Africa
South Africa,2023,-0.30108048448414865,1.2512780342480347,3,Sub-Saharan Africa
South Sudan,2023,-3.803596258419262,-0.45337543116309065,2,Sub-Saharan Africa
Spain,2023,1.8686458935425243,1.057845707424918,4,Western Europe
Sri Lanka,2023,-0.09365872038094675,0.7077639155366097,3,South Asia
Sudan,2023,-2.4379897396533337,0.546608691423053,2,Sub-Saharan Africa
Sweden,2023,3.8629612197220835,-1.6201518056563695,5,Western Europe
Switzerland,2023,3.554358504740311,-0.7791177131823392,5,Western Europe
Taiwan Province of China,2023,1.8281107743506697,1.0386194842934244,4,East Asia
Tajikistan,2023,0.2888518515809242,-0.4978698390030928,3,Commonwealth of Independent States
Tanzania,2023,-1.2444617848074062,-1.7116018911249005,1,Sub-Saharan Africa
Thailand,2023,0.9107477621335499,-0.04082219919035621,4,Southeast Asia
Togo,2023,-2.290391821720886,-0.31204227800480844,2,Sub-Saharan Africa
Trinidad and Tobago,2023,0.8566767367957897,0.5212603396020007,4,Latin America and Caribbean
Tunisia,2023,-1.3133346322610722,1.9485044069442023,3,Middle East and North Africa
Turkey,2023,-0.5167044419038206,1.2934315338732354,3,Middle East and North Africa
Turkmenistan,2023,0.40529316709206503,-0.15550077825040484,3,Commonwealth of Independent States
Uganda,2023,-1.5107066744583157,0.019173264032395297,2,Sub-Saharan Africa
Ukraine,2023,0.0801200877902436,0.0723938260772655,3,Central and Eastern Europe
United Arab Emirates,2023,2.262101048344567,-0.47955130797051015,5,Middle East and North Africa
United Kingdom,2023,2.564206038988534,-1.0851492191953824,5,Western Europe
United States,2023,2.043453727370336,0.19179689559659194,4,North America and ANZ
Uruguay,2023,2.013535095590949,0.12308712260897486,4,Latin America and Caribbean
Uzbekistan,2023,1.2875486335009747,-1.113712130306887,1,Commonwealth of Independent States
Vietnam,2023,0.8775607449344405,0.030551172835148237,4,Southeast Asia
Zambia,2023,-1.7385023058512652,-0.47692572291602453,2,Sub-Saharan Africa
Zimbabwe,2023,-2.6451895126471703,0.07101622884376657,2,Sub-Saharan Africa
